<?xml version="1.0" encoding="UTF-8"?>
<metadata>
  <idinfo>
    <citation>
      <citeinfo>
        <origin>Jay E. Diffendorfer</origin>
        <origin>Roger W. Compton</origin>
        <origin>Louisa A. Kramer</origin>
        <origin>Zach H. Ancona</origin>
        <origin>Donna Norton</origin>
        <pubdate>201505</pubdate>
        <title>Onshore Industrial Wind Turbine Locations for the United States up to March 2014</title>
        <geoform>Vector Digital Data Set (Point)</geoform>
        <serinfo>
          <sername>U.S. Geological Survey Data Series 817</sername>
          <issue>DS 817</issue>
        </serinfo>
        <pubinfo>
          <pubplace>Denver, CO</pubplace>
          <publish>United States Geological Survey (USGS)</publish>
        </pubinfo>
        <onlink>http://dx.doi.org/10.5066/F7251G8Q</onlink>
        <onlink>http://dx.doi.org/10.5061/dryad.6s6rb</onlink>
        <onlink>http://dx.doi.org/10.3133/ds817</onlink>
        <lworkcit>
          <citeinfo>
            <origin>Jay E. Diffendorfer</origin>
            <origin>Louisa A. Kramer</origin>
            <origin>Zach H. Ancona</origin>
            <origin>Christopher P. Garrity</origin>
            <pubdate>20151124</pubdate>
            <title>Onshore industrial wind turbine locations for the United States up to March 2014</title>
            <geoform>Scientific Data Article and Vector Digital Data Set (Point)</geoform>
            <serinfo>
              <sername>Scientific Data 2</sername>
              <issue>Article number: 150060</issue>
            </serinfo>
            <pubinfo>
              <pubplace>London, England</pubplace>
              <publish>Macmillan Publishers Limited</publish>
            </pubinfo>
            <onlink>http://www.nature.com/articles/sdata201560</onlink>
          </citeinfo>
        </lworkcit>
      </citeinfo>
    </citation>
    <descript>
      <abstract>This data set provides industrial-scale onshore wind turbine locations, corresponding facility information, and turbine technical specifications, in the United States to March 2014. The database has nearly 49,000 wind turbine records that have been collected, digitized, locationally verified, and internally quality assured and quality controlled. Turbines from the Federal Aviation Administration Digital Obstacle File, product date March 2, 2014, were used as the primary source of turbine data points. Verification of the position of turbines was done by visual interpretation using high-resolution aerial imagery in ESRI ArcGIS Desktop. Turbines without Federal Aviation Administration Obstacle Repository System (FAA ORS) numbers were visually identified and supplemental points were added to the collection.  A locational error of plus or minus 10 meters for turbine positions was estimated. Wind farm facility names were identified from publicly available facility data sets. Facility names were then used in a web search of additional industry publications and press releases to attribute additional turbine information (such as manufacturer, model, and technical specifications of wind turbines). Wind farm facility location data from various wind and energy industry sources were used to search for and digitize turbines not in existing databases. Technical specifications assigned to were based on the make and model as described in literature, in the Federal Aviation Administration Digital Obstacle File, and information from the turbine manufacturers' websites. Some facility and turbine information did not exist or was difficult to obtain. Thus, uncertainty may be present. That uncertainty was rated and a confidence was recorded for both location and attribution data quality.</abstract>
      <purpose>The purpose of this information is to provide a publicly available spatially-referenced, national dataset of onshore industrial wind turbine locations and their technical specifications.</purpose>
    </descript>
    <timeperd>
      <timeinfo>
        <rngdates>
          <begdate>1981</begdate>
          <enddate>2014</enddate>
        </rngdates>
      </timeinfo>
      <current>ground condition</current>
    </timeperd>
    <status>
      <progress>Complete</progress>
      <update>Unknown</update>
    </status>
    <spdom>
      <bounding>
        <westbc>-171.713077</westbc>
        <eastbc>-67.807000</eastbc>
        <northbc>66.839901</northbc>
        <southbc>18.964696</southbc>
      </bounding>
    </spdom>
    <keywords>
      <theme>
        <themekt>ISO 19115 Topic Category</themekt>
        <themekey>utilitiesCommunications</themekey>
        <themekey>structure</themekey>
      </theme>
      <theme>
        <themekt>none</themekt>
        <themekey>turbine</themekey>
        <themekey>wind</themekey>
        <themekey>shapefile</themekey>
        <themekey>dataset</themekey>
        <themekey>data set</themekey>
        <themekey>wind farm</themekey>
        <themekey>windfarm</themekey>
        <themekey>wind facility</themekey>
        <themekey>wind turbine</themekey>
        <themekey>geospatial datasets</themekey>
        <themekey>energy</themekey>
        <themekey>GIS</themekey>
        <themekey>renewable</themekey>
      </theme>
      <theme>
        <themekt>USGS Metadata Identifier</themekt>
        <themekey>USGS:55c4aa9be4b033ef52106e2f</themekey>
      </theme>
      <place>
        <placekt>none</placekt>
        <placekey>Alabama</placekey>
        <placekey>Alaska</placekey>
        <placekey>Arizona</placekey>
        <placekey>Arkansas</placekey>
        <placekey>California</placekey>
        <placekey>Colorado</placekey>
        <placekey>Connecticut</placekey>
        <placekey>Delaware</placekey>
        <placekey>District of Columbia</placekey>
        <placekey>Florida</placekey>
        <placekey>Georgia</placekey>
        <placekey>Hawaii</placekey>
        <placekey>Idaho</placekey>
        <placekey>Illinois</placekey>
        <placekey>Indiana</placekey>
        <placekey>Iowa</placekey>
        <placekey>Kansas</placekey>
        <placekey>Kentucky</placekey>
        <placekey>Louisiana</placekey>
        <placekey>Maine</placekey>
        <placekey>Maryland</placekey>
        <placekey>Massachusetts</placekey>
        <placekey>Michigan</placekey>
        <placekey>Minnesota</placekey>
        <placekey>Mississippi</placekey>
        <placekey>Missouri</placekey>
        <placekey>Montana</placekey>
        <placekey>Nebraska</placekey>
        <placekey>Nevada</placekey>
        <placekey>New Hampshire</placekey>
        <placekey>New Jersey</placekey>
        <placekey>New Mexico</placekey>
        <placekey>New York</placekey>
        <placekey>North Carolina</placekey>
        <placekey>North Dakota</placekey>
        <placekey>Ohio</placekey>
        <placekey>Oklahoma</placekey>
        <placekey>Oregon</placekey>
        <placekey>Pennsylvania</placekey>
        <placekey>Rhode Island</placekey>
        <placekey>South Carolina</placekey>
        <placekey>South Dakota</placekey>
        <placekey>Tennessee</placekey>
        <placekey>Texas</placekey>
        <placekey>Utah</placekey>
        <placekey>Vermont</placekey>
        <placekey>Virginia</placekey>
        <placekey>Washington</placekey>
        <placekey>West Virginia</placekey>
        <placekey>Wisconsin</placekey>
        <placekey>Wyoming</placekey>
      </place>
    </keywords>
    <accconst>none</accconst>
    <useconst>none</useconst>
    <ptcontac>
      <cntinfo>
        <cntperp>
          <cntper>Jay Diffendorfer</cntper>
          <cntorg>Geosciences and Environmental Change Science Center, USGS</cntorg>
        </cntperp>
        <cntaddr>
          <addrtype>Mailing and Physical</addrtype>
          <address>Denver Federal Center, Building 25</address>
          <address>Box 25046, Mail Stop 980</address>
          <city>Denver</city>
          <state>CO</state>
          <postal>80225</postal>
        </cntaddr>
        <cntvoice>303-236-5369</cntvoice>
        <cntemail>jediffendorfer@usgs.gov</cntemail>
      </cntinfo>
    </ptcontac>
    <datacred>Federal Aviation Administration (FAA) Digital Obstacle File, http://tod.faa.gov/tod/public/TOD_DOF.html; wind turbines from FAA product that reflects changes from January 6, 2014, to March 2, 2014, were used as a base digital file</datacred>
    <native>Environment as of Metadata Creation: Microsoft Windows 7 Version 6.1 (Build 7601) Service Pack 1; Esri ArcGIS 10.3.1 (Build 4959) Service Pack N/A (Build N/A)</native>
  </idinfo>
  <dataqual>
    <attracc>
      <attraccr>Turbine data points were spatially verified in aerial imagery to confirm or edit their correct position. The map scale used while verifying and digitizing turbines depended on location, need, and imagery availability.  Authors used aerial imagery with a typical assessment map scale of 1:2,000 to 1:3,000, then zoomed to a larger map scale of 1:500 to 1:1,000 for position adjustment; none of the spatial verification was done at a map scale smaller than 1:5,000. Turbine locations were initially located, then independently verified, and checked for Quality Assurance and Quality Control (QA/QC) by a different team member. The attribute fields were also independently verified and checked for QA/QC by a team member other than the original attribute author. Uncertainty may exist for certain turbine locations as indicated in confidence turbine location (conf_loc) attribute. A visual comparison of state and county fields were performed against state and county shapefiles.  The FAA_ORS field was sorted and checked for duplicates. The type_tower field was verified against a combination of visual identification, turbine spacing, and industry specifications. The on_year field was checked against the 2012 EIA 860 detailed data. The image_year field was checked for completeness; National Aerial Imagery Program (NAIP) (year) was used where authors collected images directly from United States Department of Agriculture (USDA)/NAIP from Orthorectified County Mosaics; Bing Maps Aerial or Digital Globe were usually the most current imagery posted to the source (Bing Maps or Digital Globe) and metadata was not recovered for the scenes; USGS EDC Seamless Data Distribution System (SDDS) images were used in early checks of the data, available to the public through the USGS/EROS Data Center, and metadata was not recovered for those images. The facility and turbine technical specification attribute fields have been checked for QA/QC. Turbine specification and facility attributes may have some erroneous information, given the unknown quality of public information sources. Additionally, the reported turbine technical specifications were not field verified nor validated with the source.  The uncertainty was indicated in a confidence of attribute (conf_attr) field.</attraccr>
    </attracc>
    <logic>not applicable</logic>
    <complete>All states are represented, although some states do not include wind turbines. States that do not have known turbines are: Alabama, Arkansas, Connecticut, Georgia, Kentucky, Louisiana, Mississippi, South Carolina, and Virginia. Potential missing turbines include those not represented in Federal Aviation Administration (FAA) Digital Obstacle File or not found in our visual aerial image search. Possible causes of unrepresented turbines include low turbine height (less than 200 feet), turbines built previous to the FAA reporting process, turbines not submitted for review to the FAA, or turbines built after FAA DOF date of March 2, 2014. Groups of turbines were attributed to a facility, given the facility site name by comparing the following attributes across datasets: facility names, turbine counts, proximity to facility locations, and installation dates using temporal imagery or publication dates. In some cases, particularly with older turbines or locations where individual facilities overlapped, it was not possible to attribute individual turbines to distinct facilities. In these cases, a simple naming convention of the general geographic location used within the community of wind energy practitioners, or a county name, and sometimes with a numerical value  was used, such as: unknown County, unknown County 1 or unknown Facility Area 1.</complete>
    <posacc>
      <horizpa>
        <horizpar>The wind turbine points found in the FAA Digital Obstacle File(DOF) and other turbines digitized were horizontally verified with aerial imagery and adjusted to the base of the turbine, as needed, to a positional accuracy within plus or minus 10 meters.  NAIP provides 1 meters ground sample distance orthoimagery to within plus or minus 6 meters to true ground at a 95-percent confidence level. SDDS imagery is NAIP orthoimagery stitched together and compressed. The Bing Maps Aerial basemaps and Digital Globe imagery have a variable resolution and accuracy based on image source, type, and location. Samples of this project's wind turbine data points, in various parts of the United States, were checked against Bing Maps Aerial base maps and compared to NAIP imagery and found to be as accurate as, or better than, NAIP. Our visual interpretation was based on NAIP, Bing, Digital Globe, or SDDS orthoimagery, which in some locations may have registrations errors and internal inaccuracies. Even with those issues, plus an additional 4 meters for human error of digitizing and visual verification, the position of the data points should still fall within plus or minus 10 meters accuracy. If any points were not within plus or minus 10 meters accuracy, it would most likely be caused by errors in the imagery used for verification. Map scale used while verifying and digitizing turbines depended on location, need, and availability of imagery. Authors used aerial imagery with a typical assessment map scale of 1:2,000 to 1:3,000, then zooming to a larger map scale of 1:500 to 1:1,000 for point adjustment; none of the analysis was done at a map scale smaller than 1:5,000.</horizpar>
      </horizpa>
      <vertacc>
        <vertaccr>A formal accuracy assessment of the vertical positional information in the data set has either not been conducted, or is not applicable.</vertaccr>
      </vertacc>
    </posacc>
    <lineage>
      <procstep>
        <procdesc>Prior to steps listed below, some turbine locations were mapped using USDA/National Resources Conservation Service (NRCS)/NAIP orthoimagery as part of an earlier wind facility land transformation (disturbance) mapping project. Turbine points collected as part of this project were identified and mapped across different parts of the United States while searching for wind power facilities.
For this data set the following steps were taken:
1. Wind turbine data was acquired from FAA Digital Obstacle File (DOF); windmills were filtered, and a shapefile of FAA windmills points was created from industry provided coordinates (including FAA fields: FAA_jdate, FAA_AGL, FAA_ORS).
2. Previously digitized turbine locations developed for the disturbance mapping that coincided with FAA points (duplicate locations) were removed, and remaining disturbance mapping points were merged with FAA points as a shapefile.
3. Wind farm facility data were acquired from EIA and WENDI and added to the merged turbine-points data into a single ArcGIS project.
4. Supplemental layers of state and county boundaries, as well as HSIP cultural, landform, hydro points, cities, towns, and villages were added to the ARC Map project to allow for comparisons across data types while matching turbines to distinct facilities. HSIP information was only used internally for data search, to assist with attributing, and were not part of this final product.
5. Turbine points were selected by state, saved as an individual turbine file for each state, and distributed to authors for editing.
6. A basemap image of Bing Maps Aerial, or other maps, was added to the Arc Map project file. If Bing Maps Aerial did not show a turbine installation, additional USGS/EROS SDDS orthoimagery from the Eros Data center, USDA/NAIP County Mosaic Orthoimagery, or Digital Globe imagery was added.
7. Turbine points were visually verified and edited/moved to the base of the turbine as needed. If the turbine data point was not seen on an image, the conf_loc was entered as 0. If the turbine point was in partial construction or with other doubts, the conf_loc was entered as 1. If clearly seen on image the conf_loc was entered as 2.
8. A search for unrepresented turbines was done. Visual searches were performed near known turbines and near facility locations found in the EIA and WENDI data. Any newly identified turbines were digitized.
9. State, county, image_name, image_year, and type_tower were attributed for each turbine.
10. Groups of turbines were attributed to a facility by comparing the following attributes across datasets: facility names, turbine counts, proximity to facility locations, and installation dates using temporal imagery or publication dates. When possible, turbines were grouped and attributed to a distinct wind farm (site_name). In some cases, particularly with older turbines or locations where individual facilities overlapped, it was not possible to attribute individual turbines to distinct facilities. In these cases, a simple naming convention of the general geographic location used within the community of wind energy practitioners, or a county name, and sometimes with a numerical value was used, such as: unknown County, unknown County 1 or unknown Facility Area 1.
11. Facility names (site_name) were then used in a web search of additional industry publications and press releases to identify manufacturer, model, and technical specifications of turbines for attributing. If no information was found or major discrepancies were found in the information, a confidence of 0 was entered under the conf_attr field. If some discrepancies were found or some uncertainty existed (usually described in comments), a confidence of 1 was entered. If the identification was clear and easily confirmed, a confidence of 2 was entered.
12. QA/QC was conducted for spatial accuracy and attribution by a peer or a supervisor other than the author that initially completed the work.
13. Edited wind turbine files for each state were merged into one single shapefile, and an overview for consistency, correctness, and positional accuracy was performed again by peers and supervisors as a national dataset.
14. Non-turbine points that had been assigned FAA Obstacle Repository System (ORS) numbers or were digitized in the process such as communications towers, meteorological towers, water windmills, power transmission towers, etc., were removed.
15. Wind Farm feedback was received from publications of the previously released data set and as needed, corrections were made.
16. Updated FAA DOF files were added up to March 2, 2014 and the above process was repeated.</procdesc>
        <procdate>2015</procdate>
      </procstep>
      <procstep>
        <procdesc>Visual interpretation of high resolution aerial orthoimagery was done in Arc Map for both verification of known FAA DOF turbine points and digitization of newly located wind turbine locations. Sources for wind turbine facilities and turbine specification attribution were numerous and often found in a web search of industry publications and press releases.
Sources used:
Bing Maps Aerial from ESRI Arc Map Base Maps-updated continually;
County Boundaries 2010 500k https://www.census.gov/geo/maps-data/data/cbf/cbf_counties.html;
Digital Globe most current imagery-Rapid Delivery of Online Geospatial-Intelligence (RDOG) from a National Geospatial Intelligence Agency contract under NextView License-updated continually https://rdog.digitalglobe.com/myDigitalGlobe/RegistrationRequest.html;
Energy Information Administration (EIA), EIA-860 dataset http://www.eia.gov;
FAA-Digital Obstacle File https://nfdc.faa.gov/tod/public/TOD_DOF.html- product date March 2, 2014;
Federal Information Processing Standards http://www.census.gov/geo/reference/ansi_statetables.html
Homeland Security Infrastructure Program (HSIP) 2012 release https://www.hifldwg.org/public/HSIP%20Gold%20Freedom%20One%20Pager_July%202012.pdf;
State Boundaries 2010 500k https://www.census.gov/geo/maps-data/data/cbf/cbf_state.html;USDA NAIP county mosaic orthoimagery from http://datagateway.nrcs.usda.gov/;
USGS SDDS orthoimagery from internal USGS EROS Data Center Server from http://viewer.nationalmap.gov/example/services.html.
Wind Energy Data and Information (WENDI) from Oak Ridge National Laboratory. No longer funded, no longer available, facility data collected through 2012 just prior to de-funding;
Industry Press Releases from a web search for turbine and facility information and Industry Turbine Model Specifications from manufacturer found in publicly available website searches;
Local Government Permitting Agencies-publicly available website searches, often published environmental site assessments or other permitting for turbines and facilities.</procdesc>
        <procdate>2015</procdate>
      </procstep>
    </lineage>
  </dataqual>
  <spdoinfo>
    <indspref>United States of America</indspref>
    <direct>Point</direct>
    <ptvctinf>
      <sdtsterm>
        <sdtstype>Entity point</sdtstype>
        <ptvctcnt>48976</ptvctcnt>
      </sdtsterm>
    </ptvctinf>
  </spdoinfo>
  <spref>
    <horizsys>
      <planar>
        <mapproj>
          <mapprojn>North America Albers Equal Area Conic (ESRI Full Name: North_America_Albers_Equal_Area_Conic)</mapprojn>
          <albers>
            <stdparll>20.0</stdparll>
            <stdparll>60.0</stdparll>
            <longcm>-96.0</longcm>
            <latprjo>40.0</latprjo>
            <feast>0.0</feast>
            <fnorth>0.0</fnorth>
          </albers>
        </mapproj>
        <planci>
          <plance>coordinate pair</plance>
          <coordrep>
            <absres>0.6096</absres>
            <ordres>0.6096</ordres>
          </coordrep>
          <plandu>Meter</plandu>
        </planci>
      </planar>
      <geodetic>
        <horizdn>D_North_American_1983</horizdn>
        <ellips>GRS_1980</ellips>
        <semiaxis>6378137.0</semiaxis>
        <denflat>298.257222101</denflat>
      </geodetic>
    </horizsys>
  </spref>
  <eainfo>
    <detailed>
      <enttyp>
        <enttypl>USGS_windturbines_201403</enttypl>
        <enttypd>Onshore Industrial Wind Turbine Locations for the United States to March 2014</enttypd>
        <enttypds>Producer-Defined, by the USGS. Please see Process Descriptions in the Data Quality Section.</enttypds>
      </enttyp>
      <attr>
        <attrlabl>FID</attrlabl>
        <attrdef>feature number, automatically generated ID by Arc Map</attrdef>
        <attrdefs>ESRI</attrdefs>
        <attrdomv>
          <udom>sequential automatically generated number</udom>
        </attrdomv>
      </attr>
      <attr>
        <attrlabl>Shape</attrlabl>
        <attrdef>data type of geometry, automatically generated by Arc Map</attrdef>
        <attrdefs>ESRI</attrdefs>
        <attrdomv>
          <udom>data type of geometry</udom>
        </attrdomv>
      </attr>
      <attr>
        <attrlabl>unique_id</attrlabl>
        <attrdef>unique, stable object number for cross-reference</attrdef>
        <attrdefs>USGS</attrdefs>
        <attrdomv>
          <udom>object unique identification number</udom>
        </attrdomv>
      </attr>
      <attr>
        <attrlabl>site_name</attrlabl>
        <attrdef>name of wind energy generation facility</attrdef>
        <attrdefs>Producer-Defined, by the USGS. Please see Process Descriptions in the Data Quality Section.</attrdefs>
        <attrdomv>
          <udom>name of wind energy generation facility, USGS derived the name based on common usage in EIA and WENDI facilities dataset, as well as other publications available in a web search</udom>
        </attrdomv>
        <attrdomv>
          <udom>unknown, unknown County #, or unknown General Area name,  indicates that the author was unable to determine a facility name from any of the above sources, or where individual facilities overlapped and it was not possible to attribute individual turbines to distinct facilities</udom>
        </attrdomv>
      </attr>
      <attr>
        <attrlabl>total_turb</attrlabl>
        <attrdef>total number of turbine points within the data set with the same unique site_name; number of turbines in a facility (decommissioned turbines were split out)</attrdef>
        <attrdefs>range is 1 from the least amount of turbines to 3084 which is the largest number of turbines in a facility. Some of the larger numbers may include more than one facility and are actually in an area that was named "unknown" due to a difficulty in discerning distinct facilities.</attrdefs>
        <attrdomv>
          <rdom>
            <rdommin>1</rdommin>
            <rdommax>3084</rdommax>
          </rdom>
        </attrdomv>
      </attr>
      <attr>
        <attrlabl>on_year</attrlabl>
        <attrdef>online year</attrdef>
        <attrdefs>Producer-Defined, by the USGS. Please see Process Descriptions in the Data Quality Section.</attrdefs>
        <attrdomv>
          <udom>year that the facility began generating, based on information from press releases and facilities shapefiles; multiple years indicate the project spanned multiple years, contained multiple phases of development, or became online within that time-frame; formatted as (year1)_(year2)_(year3)</udom>
        </attrdomv>
        <attrdomv>
          <udom>unknown value indicates the author was unable to determine the year</udom>
        </attrdomv>
      </attr>
      <attr>
        <attrlabl>year_range</attrlabl>
        <attrdef>Whether the on_year is a range</attrdef>
        <attrdefs>Producer-Defined, by the USGS. Please see Process Descriptions in the Data Quality Section.</attrdefs>
        <attrdomv>
          <edom>
            <edomv>no</edomv>
            <edomvd>online year does not span multiple years (is not a range) and the facility became online within a single year</edomvd>
            <edomvds>Producer-Defined, by the USGS. Please see Process Descriptions in the Data Quality Section.</edomvds>
          </edom>
        </attrdomv>
        <attrdomv>
          <edom>
            <edomv>yes</edomv>
            <edomvd>online year spans multiple years, project spanned multiple years, contained multiple phases of development, or the distinct year is unknown and the facility became online within the timeframe</edomvd>
            <edomvds>Producer-Defined, by the USGS. Please see Process Descriptions in the Data Quality Section.</edomvds>
          </edom>
        </attrdomv>
        <attrdomv>
          <edom>
            <edomv>unknown</edomv>
            <edomvd>value indicates the author was unable to determine the year</edomvd>
            <edomvds>Producer-Defined, by the USGS. Please see Process Descriptions in the Data Quality Section.</edomvds>
          </edom>
        </attrdomv>
      </attr>
      <attr>
        <attrlabl>on_year_s</attrlabl>
        <attrdef>online year single</attrdef>
        <attrdefs>Producer-Defined, by the USGS. Please see Process Descriptions in the Data Quality Section.</attrdefs>
        <attrdomv>
          <udom>earliest possible year the facility began generating, based on information from press releases and facilities shapefiles; the lower year of on_year when it is a range</udom>
        </attrdomv>
        <attrdomv>
          <udom>-99999 value indicates the author was unable to determine the year</udom>
        </attrdomv>
      </attr>
      <attr>
        <attrlabl>total_cpcy</attrlabl>
        <attrdef>sum of MW_turbine with the same unique site_name (decommissioned turbines were split out)</attrdef>
        <attrdefs>-99999 value indicates no information found, no facility site determination. The range is producer-defined, by the USGS. Please see Process Descriptions in the Data Quality Section.</attrdefs>
        <attrdomv>
          <rdom>
            <rdommin>0.002</rdommin>
            <rdommax>662.5</rdommax>
            <attrunit>megawatts</attrunit>
          </rdom>
        </attrdomv>
      </attr>
      <attr>
        <attrlabl>MW_turbine</attrlabl>
        <attrdef>power generation capacity of each individual turbine in Megawatts based on industry turbine technical model specifications or other sources (press releases or permitting agencies)</attrdef>
        <attrdefs>-99999 value indicates no information found, no facility site determination. The range is producer-defined, by the USGS. Please see Process Descriptions in the Data Quality Section.</attrdefs>
        <attrdomv>
          <rdom>
            <rdommin>0.002</rdommin>
            <rdommax>3.6</rdommax>
            <attrunit>megawatts</attrunit>
          </rdom>
        </attrdomv>
      </attr>
      <attr>
        <attrlabl>decommiss</attrlabl>
        <attrdef>whether or not the turbine decommissioned</attrdef>
        <attrdefs>Producer-Defined, by the USGS. Please see Process Descriptions in the Data Quality Section.</attrdefs>
        <attrdomv>
          <edom>
            <edomv>no</edomv>
            <edomvd>turbine is not known to be decommissioned, is visible in the aerial imagery, and publications confirm the same</edomvd>
            <edomvds>Producer-Defined, by the USGS. Please see Process Descriptions in the Data Quality Section.</edomvds>
          </edom>
        </attrdomv>
        <attrdomv>
          <edom>
            <edomv>yes</edomv>
            <edomvd>includes both image verified removed turbines and ones no longer in service based on publications</edomvd>
            <edomvds>Producer-Defined, by the USGS. Please see Process Descriptions in the Data Quality Section.</edomvds>
          </edom>
        </attrdomv>
      </attr>
      <attr>
        <attrlabl>type_tower</attrlabl>
        <attrdef>tower feature as visually verified; structural characteristics of the tower</attrdef>
        <attrdefs>Producer-Defined, by the USGS. Please see Process Descriptions in the Data Quality Section.</attrdefs>
        <attrdomv>
          <edom>
            <edomv>monopole</edomv>
            <edomvd>monopole tower, single tubular column structure with nacelle and blades</edomvd>
            <edomvds>Producer-Defined, by the USGS. Please see Process Descriptions in the Data Quality Section.</edomvds>
          </edom>
        </attrdomv>
        <attrdomv>
          <edom>
            <edomv>trestle</edomv>
            <edomvd>trestle tower, lattice type tower structure with nacelle and blades</edomvd>
            <edomvds>Producer-Defined, by the USGS. Please see Process Descriptions in the Data Quality Section.</edomvds>
          </edom>
        </attrdomv>
        <attrdomv>
          <edom>
            <edomv>pad only</edomv>
            <edomvd>pad only, no tower present, probable new installation turbine pads</edomvd>
            <edomvds>Producer-Defined, by the USGS. Please see Process Descriptions in the Data Quality Section.</edomvds>
          </edom>
        </attrdomv>
        <attrdomv>
          <edom>
            <edomv>small monopole</edomv>
            <edomvd>small monopole turbine, as visually identified in imagery by turbine spacing/structure, FFAA _AGL or total_ht than 100 feet or 30.5 meters</edomvd>
            <edomvds>Producer-Defined, by the USGS. Please see Process Descriptions in the Data Quality Section.</edomvds>
          </edom>
        </attrdomv>
        <attrdomv>
          <edom>
            <edomv>small trestle</edomv>
            <edomvd>small trestle turbine, as visually identified in imagery by turbine spacing/structure,  FAA _AGL or total_ht less than 100 feet or 30.5 meters</edomvd>
            <edomvds>Producer-Defined, by the USGS. Please see Process Descriptions in the Data Quality Section.</edomvds>
          </edom>
        </attrdomv>
        <attrdomv>
          <edom>
            <edomv>small generator</edomv>
            <edomvd>building mounted small wind energy generators -  generally at an airport or business</edomvd>
            <edomvds>Producer-Defined, by the USGS. Please see Process Descriptions in the Data Quality Section.</edomvds>
          </edom>
        </attrdomv>
        <attrdomv>
          <edom>
            <edomv>unknown</edomv>
            <edomvd>unidentified, unseen on imagery, or unknown turbine specifications</edomvd>
            <edomvds>Producer-Defined, by the USGS. Please see Process Descriptions in the Data Quality Section.</edomvds>
          </edom>
        </attrdomv>
      </attr>
      <attr>
        <attrlabl>model</attrlabl>
        <attrdef>manufacturer's model name of each turbine, for example 1.5SLE, V100_1.8, Z50, etc., as collected from publications, may vary based on source</attrdef>
        <attrdefs>Producer-Defined, by the USGS. Please see Process Descriptions in the Data Quality Section.</attrdefs>
        <attrdomv>
          <edom>
            <edomv>name of the model</edomv>
            <edomvd>86,1.0SLE,1.5_74,1.5_77,1.5_82,1.5S,1.5SE,1.5SL,1.5SLE,1.5XLE,1.6_100,1.6_82.5,1.68_82.5,1.6XLE,1.7_100,1.85_87,2.3_100,2.5_120,2.5MW,23_160,250_50,250KW,3_7,33M_VS,500_41,52_900,54_900,56_100,65KW,A1500,AOC15_50,AOC15_65,ATS_5,AW1500_77,AW1500_82,AW3000_109,AW3000_116,AW47_750,AW54_750,B62_1300,C100,C89,C93,C96,C99,D8.2,D9.2,Darrieus_17,DW52_900,DW54_900,E15,E3120,ECO100,ECO86,EW50,EWT900,FL1000,FL1500,FL1500_77,FL250,FL2500_90,G52,G58,G80,G83,G87,G90,G97,GW100,GW77,GW82,GW87,H93,HMZ_Windmaster,HQ1650_77,HQ2000_86,HWP33,K100,KVS33,LTW77,M700_225,Micon108,MK1,MK2,MM92,MM92CCV,MOD-2,MS2,MWT100_2.4,MWT1000,MWT1000A,MWT102_2.4,MWT600,MWT92_2.4,MWT95_2.4,N100,N1000_54,N1000_59,N117,N43,N54,N60,N90,NM44_750,NM48_600,NM48_750,NM52_900,NM54_950,NM72_1500,NM72_1650,NM72C_1500,NM82_1500,NM82_1650,NTK65,NW100,NW100_19,PW56,S64,S88,S95,S97,SE10020,SE8720,SE9320,SL1500,SWT1.3_62,SWT2.3_101,SWT2.3_108,SWT2.3_93,SWT3.0_101,T400,T600_48,TW600e,U57,unknown,V100_1.8,V100_2.0,V112_3.0,V15,V27,V39,V42,V44,V47,V66,V80_1.8,V80_2.0,V82,V90,V90_1.8,V90_3.0,W2320,W3000,WES18,WES30,WM15S,WM17S,WWG0600,XL50,Z40,Z48,Z50</edomvd>
            <edomvds>Producer-Defined, by the USGS. Please see Process Descriptions in the Data Quality Section.</edomvds>
          </edom>
        </attrdomv>
        <attrdomv>
          <edom>
            <edomv>unknown</edomv>
            <edomvd>no information found, no facility site determination</edomvd>
            <edomvds>Producer-Defined, by the USGS. Please see Process Descriptions in the Data Quality Section.</edomvds>
          </edom>
        </attrdomv>
      </attr>
      <attr>
        <attrlabl>manufac</attrlabl>
        <attrdef>name of the turbine manufacturer for each turbine point</attrdef>
        <attrdefs>Producer-Defined, by the USGS. Please see Process Descriptions in the Data Quality Section.</attrdefs>
        <attrdomv>
          <edom>
            <edomv>name of the manufacturer</edomv>
            <edomvd>AAER,Acciona,Aeronautica,Alstrom,Atlantic Orient,AWE,Bergey Energy,BHD,Boeing,Bonus,Bora,China Creative Wind,Clipper,Danwin,DeWind,ECO,Elecon,Emergya Wind Technologies,Endurance,Enertech,Enron,Entegrity,Evance,EWT,Flowind,Fuhrlander,Gamesa,GE,Goldwind,Guodain United Power,Harbec,Howden,Hyundai Heavy Industries,HZ Windpower,Kenersys,Kenetech,Leitwind,Mitsubishi,NEG Micon,Nordex,Nordic,Nordtank,Northern Power Systems,Polenko,PowerWind,REpower,Samsung,Sany,Seaforth Energy,Siemens,Silver Eagle,Sinovel,Siva,Skystream,Suzlon,Tacke,Turbowind,UMPI,Unison,unknown,Vensys,Vestas,W.E.G.,Westinghouse,Wind Energy Solutions,Wind World,Windmaster,Windmatic,Windspire Energy,Xzeres,Zond</edomvd>
            <edomvds>Producer-Defined, by the USGS. Please see Process Descriptions in the Data Quality Section.</edomvds>
          </edom>
        </attrdomv>
        <attrdomv>
          <edom>
            <edomv>unknown</edomv>
            <edomvd>no information found, no facility site determination</edomvd>
            <edomvds>Producer-Defined, by the USGS. Please see Process Descriptions in the Data Quality Section.</edomvds>
          </edom>
        </attrdomv>
      </attr>
      <attr>
        <attrlabl>total_ht</attrlabl>
        <attrdef>height of entire wind turbine from ground to tip of a vertically extended blade above the tower, including hub (if available), based on industry technical specifications, in meters</attrdef>
        <attrdefs>-99999 value indicates no information found, no facility site determination. The range is producer-defined, by the USGS. Please see Process Descriptions in the Data Quality Section.</attrdefs>
        <attrdomv>
          <rdom>
            <rdommin>12</rdommin>
            <rdommax>178</rdommax>
            <attrunit>meters</attrunit>
          </rdom>
        </attrdomv>
      </attr>
      <attr>
        <attrlabl>tower_h</attrlabl>
        <attrdef>height of the tower only, based on industry technical specifications of the turbine model</attrdef>
        <attrdefs>-99999 value indicates no information found, no facility site determination. The range is producer-defined, by the USGS. Please see Process Descriptions in the Data Quality Section.</attrdefs>
        <attrdomv>
          <rdom>
            <rdommin>18</rdommin>
            <rdommax>120</rdommax>
            <attrunit>meters</attrunit>
          </rdom>
        </attrdomv>
      </attr>
      <attr>
        <attrlabl>blade_l</attrlabl>
        <attrdef>length of the blade from industry specifications when provided or one half of the diameter when not provided</attrdef>
        <attrdefs>-99999 value indicates no information found, no facility site determination. The range is producer-defined, by the USGS. Please see Process Descriptions in the Data Quality Section.</attrdefs>
        <attrdomv>
          <rdom>
            <rdommin>1.8</rdommin>
            <rdommax>58.7</rdommax>
            <attrunit>meters</attrunit>
          </rdom>
        </attrdomv>
      </attr>
      <attr>
        <attrlabl>rotor_dia</attrlabl>
        <attrdef>rotor diameter, based on industry technical specifications of the turbine model</attrdef>
        <attrdefs>-99999 value indicates no information found, no facility site determination. The range is producer-defined, by the USGS. Please see Process Descriptions in the Data Quality Section.</attrdefs>
        <attrdomv>
          <rdom>
            <rdommin>3.7</rdommin>
            <rdommax>120</rdommax>
            <attrunit>meters</attrunit>
          </rdom>
        </attrdomv>
      </attr>
      <attr>
        <attrlabl>rotor_s_a</attrlabl>
        <attrdef>rotor swept area in square meters: Pi*r squared, calculated as 3.14159 (([rotor_dia] /2)*([rotor_dia] /2))</attrdef>
        <attrdefs>-99999 value indicates no information found, no facility site determination. The range is producer-defined, by the USGS.</attrdefs>
        <attrdomv>
          <rdom>
            <rdommin>10.87</rdommin>
            <rdommax>11309.71</rdommax>
            <attrunit>square meters</attrunit>
          </rdom>
        </attrdomv>
      </attr>
      <attr>
        <attrlabl>lat_DD</attrlabl>
        <attrdef>the current latitude of the turbine point, in decimal degrees calculated in Arc Map</attrdef>
        <attrdefs>USGS</attrdefs>
        <attrdomv>
          <rdom>
            <rdommin>18.964696</rdommin>
            <rdommax>66.839901</rdommax>
            <attrunit>decimal degrees</attrunit>
          </rdom>
        </attrdomv>
      </attr>
      <attr>
        <attrlabl>long_DD</attrlabl>
        <attrdef>the current longitude of the turbine point, in decimal degrees calculated in Arc Map</attrdef>
        <attrdefs>USGS</attrdefs>
        <attrdomv>
          <rdom>
            <rdommin>-171.713077</rdommin>
            <rdommax>-67.807</rdommax>
            <attrunit>decimal degrees</attrunit>
          </rdom>
        </attrdomv>
      </attr>
      <attr>
        <attrlabl>state</attrlabl>
        <attrdef>state in which the turbine is located, 2 letter standard state postal abbreviation</attrdef>
        <attrdefs>Producer-Defined by the USGS using the National Atlas shapefile</attrdefs>
        <attrdomv>
          <codesetd>
            <codesetn>FIPS US state codes / US postal codes (this field uses the standard postal codes, which is a two-letter
abbreviation for the state or province)</codesetn>
            <codesets>http://www.itl.nist.gov/fipspubs/fip5-2.htm</codesets>
          </codesetd>
        </attrdomv>
      </attr>
      <attr>
        <attrlabl>county</attrlabl>
        <attrdef>county where the turbine is located, no abbreviations</attrdef>
        <attrdefs>Producer-Defined by the USGS using the National Atlas County shapefile</attrdefs>
        <attrdomv>
          <codesetd>
            <codesetn>county name from the National Atlas</codesetn>
            <codesets>Producer-Defined by the USGS using the National Atlas State shapefile</codesets>
          </codesetd>
        </attrdomv>
      </attr>
      <attr>
        <attrlabl>conf_attr</attrlabl>
        <attrdef>confidence in turbine attributes; facility names (site_name) were used in a web search of industry publications and press releases to identify manufacturer, model, and technical specifications of turbines for attributing. Please note that turbine information was not field verified.</attrdef>
        <attrdefs>USGS</attrdefs>
        <attrdomv>
          <edom>
            <edomv>0 = no confidence</edomv>
            <edomvd>no facility data, no name, nothing in publications</edomvd>
            <edomvds>USGS</edomvds>
          </edom>
        </attrdomv>
        <attrdomv>
          <edom>
            <edomv>1 = partial confidence</edomv>
            <edomvd>incomplete information or discrepancies across data sources or other discrepancies found, usually explained in comments field</edomvd>
            <edomvds>USGS</edomvds>
          </edom>
        </attrdomv>
        <attrdomv>
          <edom>
            <edomv>2 = full confidence</edomv>
            <edomvd>consistent information across multiple data sources (note: nothing field verified)</edomvd>
            <edomvds>USGS</edomvds>
          </edom>
        </attrdomv>
      </attr>
      <attr>
        <attrlabl>conf_loc</attrlabl>
        <attrdef>confidence in turbine location; turbine points from FAA were visually verified using aerial imagery.  In some cases, the imagery was taken prior to final turbine installation, so the analyst only saw the turbine pad or tower.  In other cases, imagery was not yet available for new facilities and we used the FAA turbine locations with no visual validation. Please note, the location of the turbine was not field verified.</attrdef>
        <attrdefs>USGS</attrdefs>
        <attrdomv>
          <edom>
            <edomv>0 = no confidence</edomv>
            <edomvd>nothing on image, never built, previously removed, or tower location needs newer imagery; for example, turbine built in 2013 but latest available imagery is 2011 or image has clouds</edomvd>
            <edomvds>USGS</edomvds>
          </edom>
        </attrdomv>
        <attrdomv>
          <edom>
            <edomv>1 = visual interpretation partial confidence</edomv>
            <edomvd>image shows a developed pad with concrete base and/or turbine parts on the ground</edomvd>
            <edomvds>USGS</edomvds>
          </edom>
        </attrdomv>
        <attrdomv>
          <edom>
            <edomv>2 = visual interpretation full confidence</edomv>
            <edomvd>image shows an installed turbine or a tower with or without blades, the tower is at least partially installed, crane and other equipment may be present</edomvd>
            <edomvds>USGS</edomvds>
          </edom>
        </attrdomv>
      </attr>
      <attr>
        <attrlabl>WENDI_name</attrlabl>
        <attrdef>facility name based on WENDI (Wind Energy Data and Information) data</attrdef>
        <attrdefs>USGS derived from the no longer funded nor available WENDI</attrdefs>
        <attrdomv>
          <edom>
            <edomv>name</edomv>
            <edomvd>facility name from WENDI data</edomvd>
            <edomvds>Producer-Defined, by the USGS. Please see Process Descriptions in the Data Quality Section.</edomvds>
          </edom>
        </attrdomv>
        <attrdomv>
          <edom>
            <edomv>unknown</edomv>
            <edomvd>no facility data from WENDI, or unable to link to WENDI because of different turbine counts, different online dates or other discrepancies</edomvd>
            <edomvds>Producer-Defined, by the USGS. Please see Process Descriptions in the Data Quality Section.</edomvds>
          </edom>
        </attrdomv>
      </attr>
      <attr>
        <attrlabl>EIA_name</attrlabl>
        <attrdef>facility name based on EIA (Energy Information Administration) data</attrdef>
        <attrdefs>USGS derived from 2012 EIA-860 dataset, http://www.eia.gov</attrdefs>
        <attrdomv>
          <edom>
            <edomv>name</edomv>
            <edomvd>facility name from EIA data</edomvd>
            <edomvds>Producer-Defined, by the USGS. Please see Process Descriptions in the Data Quality Section.</edomvds>
          </edom>
        </attrdomv>
        <attrdomv>
          <edom>
            <edomv>unknown</edomv>
            <edomvd>no facility data from EIA, or unable to link to EIA because of a difference in turbine counts and/or online dates or other discrepancies</edomvd>
            <edomvds>Producer-Defined, by the USGS. Please see Process Descriptions in the Data Quality Section.</edomvds>
          </edom>
        </attrdomv>
      </attr>
      <attr>
        <attrlabl>FAA_jdate</attrlabl>
        <attrdef>FAA Julian date, date of notification/permit, USGS removed any alpha characters</attrdef>
        <attrdefs>FAA Digital Obstacle File https://nfdc.faa.gov/tod/public/TOD_DOF.html -product March 2, 2014</attrdefs>
        <attrdomv>
          <edom>
            <edomv>-99999</edomv>
            <edomvd>no data found from FAA</edomvd>
            <edomvds>Producer-Defined, by the USGS. Please see Process Descriptions in the Data Quality Section.</edomvds>
          </edom>
        </attrdomv>
        <attrdomv>
          <rdom>
            <rdommin>1988074</rdommin>
            <rdommax>2014059</rdommax>
            <attrunit>year day format , for example 2013200 - is the two hundredth day of year 2013</attrunit>
          </rdom>
        </attrdomv>
      </attr>
      <attr>
        <attrlabl>FAA_AGL</attrlabl>
        <attrdef>FAA height of turbine tower and extent of rotor, from FAA DOF, AGL = Above Ground Level elevation; provided from FAA in feet, USGS converted to meters by dividing the feet by 3.28</attrdef>
        <attrdefs>FAA Digital Obstacle File https://nfdc.faa.gov/tod/public/TOD_DOF.html -  product date March 2, 2014</attrdefs>
        <attrdomv>
          <edom>
            <edomv>-99999</edomv>
            <edomvd>no data found from FAA</edomvd>
            <edomvds>Producer-Defined, by the USGS. Please see Process Descriptions in the Data Quality Section.</edomvds>
          </edom>
        </attrdomv>
        <attrdomv>
          <rdom>
            <rdommin>3.66</rdommin>
            <rdommax>178.34</rdommax>
            <attrunit>meters</attrunit>
          </rdom>
        </attrdomv>
      </attr>
      <attr>
        <attrlabl>FAA_ORS</attrlabl>
        <attrdef>FAA unique identifier for each turbine from FAA Digital Obstacle Files (FAA DOF); identifier with the first two digits indicating a state, then a dash, with a sequential number following; 'unknown' records are not part of the FAA/DOF and can be considered USGS turbine add-in features</attrdef>
        <attrdefs>FAA Digital Obstacle File https://nfdc.faa.gov/tod/public/TOD_DOF.html - product date March 2, 2014</attrdefs>
        <attrdomv>
          <udom>FAA's unique identifier for turbines or 'unknown'</udom>
        </attrdomv>
      </attr>
      <attr>
        <attrlabl>image_name</attrlabl>
        <attrdef>source of temporal imagery used for visual analysis</attrdef>
        <attrdefs>Producer-Defined, by the USGS. Please see Process Descriptions in the Data Quality Section.</attrdefs>
        <attrdomv>
          <edom>
            <edomv>NAIP</edomv>
            <edomvd>USDA/NRCS/datagateway - http://datagateway.nrcs.usda.gov/</edomvd>
            <edomvds>Data Gateway, USDA</edomvds>
          </edom>
        </attrdomv>
        <attrdomv>
          <edom>
            <edomv>DigitalGlobe</edomv>
            <edomvd>Digital Globe server - https://EVWHS.digitalglobe.com</edomvd>
            <edomvds>Digital Globe</edomvds>
          </edom>
        </attrdomv>
        <attrdomv>
          <edom>
            <edomv>Bing Maps Aerial</edomv>
            <edomvd>ESRI ArcMap Base maps, available from ESRI ArcMap 10.0</edomvd>
            <edomvds>Microsoft Bing Maps</edomvds>
          </edom>
        </attrdomv>
        <attrdomv>
          <edom>
            <edomv>USGS EDC SDDS</edomv>
            <edomvd>Ortho Imagery from EROS data center server</edomvd>
            <edomvds>Producer-Defined, by the USGS. Please see Process Descriptions in the Data Quality Section.</edomvds>
          </edom>
        </attrdomv>
      </attr>
      <attr>
        <attrlabl>image_year</attrlabl>
        <attrdef>image year (if available) used to positionally verify turbines; year of National Aerial Imagery Program (NAIP) ortho images (http://datagateway.nrcs.usda.gov/)</attrdef>
        <attrdefs>Producer-Defined, by the USGS. Please see Process Descriptions in the Data Quality Section.</attrdefs>
        <attrdomv>
          <edom>
            <edomv>year available for NAIP</edomv>
            <edomvd>National Aerial Imagery Program (NAIP); county based aerial imagery orthophoto mosaics from USDA/NRCS/NAIP, http://datagateway.nrcs.usda.gov/</edomvd>
            <edomvds>Producer-Defined, by the USGS. Please see Process Descriptions in the Data Quality Section.</edomvds>
          </edom>
        </attrdomv>
        <attrdomv>
          <edom>
            <edomv>unknown</edomv>
            <edomvd>No year recovered for Bing Maps Aerial, Digital Globe, or  USGS_EDC_SDDS</edomvd>
            <edomvds>Producer-Defined, by the USGS. Please see Process Descriptions in the Data Quality Section.</edomvds>
          </edom>
        </attrdomv>
      </attr>
      <attr>
        <attrlabl>comments</attrlabl>
        <attrdef>data developer comments to aid in attribution or further explanations</attrdef>
        <attrdefs>Author</attrdefs>
        <attrdomv>
          <udom>data developer comments to aid in attribution or further explanations; such as: small turbine, not visible, seen only on Google Earth, not identified, facility phase undetermined, multiple phases, catastrophic failure, equipment on ground, no turbine, no development, or unsure of facility, etc.</udom>
        </attrdomv>
      </attr>
    </detailed>
  </eainfo>
  <distinfo>
    <distrib>
      <cntinfo>
        <cntperp>
          <cntper>Jay Diffendorfer</cntper>
          <cntorg>U.S. Geological Survey - ScienceBase</cntorg>
        </cntperp>
        <cntaddr>
          <addrtype>Mailing and Physical</addrtype>
          <address>Denver Federal Center, Building 810, Mail Stop 302</address>
          <city>Denver</city>
          <state>CO</state>
          <postal>80225</postal>
          <country>USA</country>
        </cntaddr>
        <cntvoice>1-888-275-8747</cntvoice>
        <cntemail>sciencebase@usgs.gov</cntemail>
      </cntinfo>
    </distrib>
    <resdesc>ScienceBase ID 55c4aa9be4b033ef52106e2f</resdesc>
    <distliab>Although this digital spatial database has been subjected to rigorous review and is substantially complete, it is released on the condition that neither the USGS nor the United States Government nor any agency thereof, nor any employees thereof, makes any warranty, expressed or implied, or assumes any legal liability or responsibility for the accuracy, completeness, or usefulness of any information, apparatus, product, or process disclosed in this report, or represents that its use would not infringe privately owned rights.  Reference therein to any  specific commercial product, process, or service by trade name, trademark,manufacturer, or otherwise does not necessarily constitute or imply its endorsement, recommendation, or favoring by the United States Government or any agency thereof.  Any views and opinions of authors expressed herein do not necessarily state or reflect those of the United States Government or any agency thereof.</distliab>
    <stdorder>
      <digform>
        <digtinfo>
          <formname>Vector Digital Data Set (Point)</formname>
        </digtinfo>
        <digtopt>
          <onlinopt>
            <computer>
              <networka>
                <networkr>http://dx.doi.org/10.5066/F7251G8Q</networkr>
                <networkr>http://dx.doi.org/10.5061/dryad.6s6rb</networkr>
                <networkr>http://eerscmap.usgs.gov/windfarm/</networkr>
              </networka>
            </computer>
          </onlinopt>
        </digtopt>
      </digform>
      <fees>None. No fees are applicable for obtaining the data set.</fees>
    </stdorder>
  </distinfo>
  <metainfo>
    <metd>20200819</metd>
    <metc>
      <cntinfo>
        <cntperp>
          <cntper>Jay Diffendorfer</cntper>
          <cntorg>Geosciences and Environmental Change Science Center, U.S. Geological Survey</cntorg>
        </cntperp>
        <cntpos>Research Ecologist</cntpos>
        <cntaddr>
          <addrtype>Mailing and Physical</addrtype>
          <address>Denver Federal Center, Building 25</address>
          <address>Box 25046, Mail Stop 980</address>
          <city>Denver</city>
          <state>CO</state>
          <postal>80225</postal>
        </cntaddr>
        <cntvoice>303-236-5369</cntvoice>
        <cntemail>jediffendorfer@usgs.gov</cntemail>
      </cntinfo>
    </metc>
    <metstdn>FGDC Content Standard for Digital Geospatial Metadata</metstdn>
    <metstdv>FGDC-STD-001-1998</metstdv>
  </metainfo>
</metadata>
