Time (s),Effective Tension at FST Vessel End (kN),Effective Tension at FST Jacket End (kN),Effective Tension at Jacket End (kN),Dummy Column 1,Dummy Column 2
0.0,793.361797380404,753.6937075113838,714.0256176423636,0.0,0.0
0.1,820.6192924200171,779.5883277990163,738.5573631780154,0.0,0.0
0.2,845.5367589816208,803.2599210325398,760.9830830834587,0.0,0.0
0.30000000000000004,864.9210060829927,821.674955778843,778.4289054746935,0.0,0.0
0.4,879.8557150361373,835.8629292843304,791.8701435325236,0.0,0.0
0.5,883.7133642984338,839.5276960835121,795.3420278685904,0.0,0.0
0.6000000000000001,881.7052869489756,837.6200226015268,793.534758254078,0.0,0.0
0.7000000000000001,878.1485597666884,834.241131778354,790.3337037900196,0.0,0.0
0.8,868.2736785721186,824.8599946435126,781.4463107149068,0.0,0.0
0.9,873.4219934916439,829.7508938170616,786.0797941424795,0.0,0.0
1.0,863.0629539079252,819.9098062125289,776.7566585171328,0.0,0.0
1.1,871.8619429612892,828.2688458132246,784.6757486651603,0.0,0.0
1.2000000000000002,866.7338956929852,823.3972009083359,780.0605061236868,0.0,0.0
1.3,889.7174160555489,845.2315452527714,800.7456744499941,0.0,0.0
1.4000000000000001,897.3862641463191,852.5169509390031,807.6476377316873,0.0,0.0
1.5,905.9106245000619,860.6150932750587,815.3195620500558,0.0,0.0
1.6,913.9836975621735,868.2845126840648,822.5853278059561,0.0,0.0
1.7000000000000002,904.5872563608417,859.3578935427996,814.1285307247575,0.0,0.0
1.8,907.7484709643526,862.3610474161349,816.9736238679174,0.0,0.0
1.9000000000000001,892.3677325313352,847.7493459047683,803.1309592782017,0.0,0.0
2.0,876.3130188286834,832.4973678872492,788.6817169458151,0.0,0.0
2.1,845.3438578763003,803.0766649824852,760.8094720886703,0.0,0.0
2.2,830.0163438047439,788.5155266145066,747.0147094242695,0.0,0.0
2.3000000000000003,807.343976914071,766.9767780683675,726.6095792226639,0.0,0.0
2.4000000000000004,777.8199907219006,738.9289911858056,700.0379916497105,0.0,0.0
2.5,773.6059818577521,734.9256827648645,696.2453836719769,0.0,0.0
2.6,763.7383740551179,725.5514553523619,687.3645366496062,0.0,0.0
2.7,755.1096937688045,717.3542090803643,679.5987243919241,0.0,0.0
2.8000000000000003,758.350252036843,720.4327394350008,682.5152268331587,0.0,0.0
2.9000000000000004,756.4785850174477,718.6546557665753,680.830726515703,0.0,0.0
3.0,756.6213599146658,718.7902919189326,680.9592239231993,0.0,0.0
3.1,752.042536755201,714.4404099174409,676.8382830796809,0.0,0.0
3.2,749.6817206772288,712.1976346433673,674.7135486095059,0.0,0.0
3.3000000000000003,743.6106649266162,706.4301316802854,669.2495984339546,0.0,0.0
3.4000000000000004,734.4535343942565,697.7308576745437,661.0081809548309,0.0,0.0
3.5,723.5101183795299,687.3346124605533,651.1591065415769,0.0,0.0
3.6,692.701152224853,658.0660946136103,623.4310370023677,0.0,0.0
3.7,685.2284737268633,650.9670500405201,616.705626354177,0.0,0.0
3.8000000000000003,678.8885256728036,644.9440993891634,610.9996731055232,0.0,0.0
3.9000000000000004,679.5789653766465,645.6000171078141,611.6210688389818,0.0,0.0
4.0,674.9161245992033,641.1703183692431,607.4245121392829,0.0,0.0
4.1000000000000005,682.3694620170685,648.2509889162151,614.1325158153617,0.0,0.0
4.2,695.5935285862313,660.8138521569197,626.0341757276082,0.0,0.0
4.3,724.2802210942451,688.0662100395328,651.8521989848206,0.0,0.0
4.4,745.6216547250722,708.3405719888185,671.059489252565,0.0,0.0
4.5,765.22085264297,726.9598100108215,688.6987673786731,0.0,0.0
4.6000000000000005,788.3158914459121,748.9000968736165,709.4843023013209,0.0,0.0
4.7,796.4594426787262,756.6364705447899,716.8134984108536,0.0,0.0
4.800000000000001,799.1142190289721,759.1585080775235,719.2027971260749,0.0,0.0
4.9,803.8611286158153,763.6680721850246,723.4750157542338,0.0,0.0
5.0,803.6936564695492,763.5089736460717,723.3242908225943,0.0,0.0
5.1000000000000005,801.7519394713746,761.6643424978058,721.5767455242371,0.0,0.0
5.2,802.6067584529112,762.4764205302656,722.3460826076201,0.0,0.0
5.300000000000001,799.6559739887822,759.673175289343,719.690376589904,0.0,0.0
5.4,819.3101611460445,778.3446530887422,737.3791450314401,0.0,0.0
5.5,833.8736023943187,792.1799222746027,750.4862421548869,0.0,0.0
5.6000000000000005,849.8651209138744,807.3718648681806,764.878608822487,0.0,0.0
5.7,870.8774897654508,827.3336152771783,783.7897407889058,0.0,0.0
5.800000000000001,895.6724083637306,850.888787945544,806.1051675273576,0.0,0.0
5.9,919.8197199516486,873.8287339540661,827.8377479564838,0.0,0.0
6.0,921.4117489821732,875.3411615330645,829.2705740839559,0.0,0.0
6.1000000000000005,917.9908157266767,872.0912749403428,826.191734154009,0.0,0.0
6.2,920.3807068090254,874.3616714685741,828.3426361281229,0.0,0.0
6.300000000000001,916.5961980749494,870.7663881712018,824.9365782674545,0.0,0.0
6.4,905.8794350120257,860.5854632614244,815.2914915108232,0.0,0.0
6.5,882.8967675557041,838.7519291779188,794.6070908001336,0.0,0.0
6.6000000000000005,880.1945121205333,836.1847865145066,792.17506090848,0.0,0.0
6.7,852.0212733340784,809.4202096673745,766.8191460006706,0.0,0.0
6.800000000000001,845.5999532913041,803.3199556267389,761.0399579621737,0.0,0.0
6.9,841.1626607746412,799.1045277359091,757.0463946971771,0.0,0.0
7.0,838.3700538989422,796.451551203995,754.533048509048,0.0,0.0
7.1000000000000005,841.2015795575309,799.1415005796542,757.0814216017778,0.0,0.0
7.2,836.5780145159082,794.7491137901128,752.9202130643174,0.0,0.0
7.300000000000001,852.0645561666512,809.4613283583186,766.858100549986,0.0,0.0
7.4,843.7731137381172,801.5844580512113,759.3958023643055,0.0,0.0
7.5,831.1577418089706,789.599854718522,748.0419676280736,0.0,0.0
7.6000000000000005,826.0745396031681,784.7708126230096,743.4670856428513,0.0,0.0
7.7,789.2799936488237,749.8159939663825,710.3519942839414,0.0,0.0
7.800000000000001,767.4476216248356,729.0752405435938,690.7028594623521,0.0,0.0
7.9,749.074257454038,711.6205445813362,674.1668317086343,0.0,0.0
8.0,718.8904363086872,682.9459144932528,647.0013926778184,0.0,0.0
8.1,706.6849514937868,671.3507039190974,636.0164563444081,0.0,0.0
8.200000000000001,695.7353393409918,660.9485723739422,626.1618054068927,0.0,0.0
8.3,691.0422212128254,656.4901101521841,621.9379990915429,0.0,0.0
8.4,689.9689003119819,655.4704552963827,620.9720102807837,0.0,0.0
8.5,698.1931288684336,663.283472425012,628.3738159815903,0.0,0.0
8.6,698.3629941645513,663.4448444563237,628.5266947480962,0.0,0.0
8.700000000000001,720.0859532793357,684.081655615369,648.0773579514022,0.0,0.0
8.8,727.3816625320295,691.012579405428,654.6434962788265,0.0,0.0
8.9,727.723814076863,691.3376233730198,654.9514326691767,0.0,0.0
9.0,736.8992744567151,700.0543107338793,663.2093470110436,0.0,0.0
9.1,745.1927254879047,707.9330892135094,670.6734529391142,0.0,0.0
9.200000000000001,725.3158805203248,689.0500864943085,652.7842924682923,0.0,0.0
9.3,724.6493783789673,688.4169094600189,652.1844405410706,0.0,0.0
9.4,712.6765591113561,677.0427311557883,641.4089032002205,0.0,0.0
9.5,717.3116454481636,681.4460631757554,645.5804809033473,0.0,0.0
9.600000000000001,725.0475135266557,688.7951378503229,652.5427621739901,0.0,0.0
9.700000000000001,732.1964053049793,695.5865850397303,658.9767647744814,0.0,0.0
9.8,744.8005841279347,707.5605549215379,670.3205257151412,0.0,0.0
9.9,780.1266397463179,741.120307759002,702.1139757716861,0.0,0.0
10.0,806.1804765732759,765.871452744612,725.5624289159483,0.0,0.0
10.100000000000001,835.8738293839218,794.0801379147257,752.2864464455297,0.0,0.0
10.200000000000001,850.4362995442877,807.9144845670734,765.392669589859,0.0,0.0
10.3,866.2562779140948,822.94346401839,779.6306501226853,0.0,0.0
10.4,878.8711885191013,834.9276290931463,790.9840696671912,0.0,0.0
10.5,890.6268209566882,846.0954799088538,801.5641388610194,0.0,0.0
10.600000000000001,884.6721934467216,840.4385837743855,796.2049741020495,0.0,0.0
10.700000000000001,886.8456853076265,842.5034010422451,798.1611167768639,0.0,0.0
10.8,874.8510604665133,831.1085074431876,787.365954419862,0.0,0.0
10.9,870.367542897532,826.8491657526554,783.3307886077788,0.0,0.0
11.0,874.7108635426606,830.9753203655275,787.2397771883946,0.0,0.0
11.100000000000001,868.3304112920555,824.9138907274527,781.49737016285,0.0,0.0
11.200000000000001,876.7046837066624,832.8694495213292,789.0342153359962,0.0,0.0
11.3,881.9982679872688,837.8983545879054,793.7984411885419,0.0,0.0
11.4,897.5240446332056,852.6478424015453,807.771640169885,0.0,0.0
11.5,895.7918847337226,851.0022904970364,806.2126962603503,0.0,0.0
11.600000000000001,904.9011119684122,859.6560563699916,814.411000771571,0.0,0.0
11.700000000000001,910.9742560374701,865.4255432355966,819.8768304337232,0.0,0.0
11.8,909.7602072221385,864.2721968610316,818.7841864999247,0.0,0.0
11.9,898.4870731757119,853.5627195169262,808.6383658581407,0.0,0.0
12.0,871.0265175239966,827.4751916477968,783.923865771597,0.0,0.0
12.100000000000001,860.1163790835667,817.1105601293883,774.10474117521,0.0,0.0
12.200000000000001,830.4409568266085,788.918908985278,747.3968611439477,0.0,0.0
12.3,800.2003796042198,760.1903606240088,720.1803416437979,0.0,0.0
12.4,784.889203058387,745.6447429054676,706.4002827525484,0.0,0.0
12.5,774.9961558239911,736.2463480327915,697.496540241592,0.0,0.0
12.600000000000001,758.7963126135974,720.8564969829175,682.9166813522377,0.0,0.0
12.700000000000001,759.9740585851948,721.975355655935,683.9766527266754,0.0,0.0
12.8,755.5669653227575,717.7886170566196,680.0102687904817,0.0,0.0
12.9,758.8293678816136,720.8878994875329,682.9464310934522,0.0,0.0
13.0,766.6282415631405,728.2968294849834,689.9654174068264,0.0,0.0
13.100000000000001,762.6506255590167,724.5180942810658,686.3855630031151,0.0,0.0
13.200000000000001,758.7542988031329,720.8165838629762,682.8788689228196,0.0,0.0
13.3,731.5639647569964,694.9857665191465,658.4075682812968,0.0,0.0
13.4,722.2877359759381,686.1733491771412,650.0589623783443,0.0,0.0
13.5,711.5762815014751,675.9974674264014,640.4186533513276,0.0,0.0
13.600000000000001,692.6679413928047,658.0345443231644,623.4011472535242,0.0,0.0
13.700000000000001,689.5722749866328,655.0936612373011,620.6150474879695,0.0,0.0
13.8,673.4547510527095,639.7820135000741,606.1092759474386,0.0,0.0
13.9,662.1758699511346,629.0670764535778,595.9582829560211,0.0,0.0
14.0,669.4071359302111,635.9367791337005,602.46642233719,0.0,0.0
14.100000000000001,683.7941864594653,649.604477136492,615.4147678135188,0.0,0.0
14.200000000000001,699.2947259565543,664.3299896587266,629.3652533608989,0.0,0.0
14.3,730.94816488472,694.4007566404839,657.853348396248,0.0,0.0
14.4,747.3193786688796,709.9534097354356,672.5874408019916,0.0,0.0
14.5,776.5345386933552,737.7078117586874,698.8810848240197,0.0,0.0
14.600000000000001,788.314166118552,748.8984578126243,709.4827495066968,0.0,0.0
14.700000000000001,797.4469282926196,757.5745818779886,717.7022354633577,0.0,0.0
14.8,804.1737182528302,763.9650323401887,723.7563464275472,0.0,0.0
14.9,796.8754862108676,757.0317119003242,717.1879375897809,0.0,0.0
15.0,793.3721844025044,753.7035751823792,714.034965962254,0.0,0.0
15.100000000000001,802.703997788829,762.5687978993875,722.4335980099462,0.0,0.0
15.200000000000001,802.2413384950195,762.1292715702684,722.0172046455175,0.0,0.0
15.3,815.0710251826437,774.3174739235114,733.5639226643793,0.0,0.0
15.4,819.1144944523386,778.1587697297216,737.2030450071047,0.0,0.0
15.5,839.1278742315455,797.1714805199682,755.215086808391,0.0,0.0
15.600000000000001,843.5369180376089,801.3600721357284,759.183226233848,0.0,0.0
15.700000000000001,875.5138635084556,831.7381703330328,787.9624771576101,0.0,0.0
15.8,890.4243789624783,845.9031600143543,801.3819410662304,0.0,0.0
15.9,910.7877291354214,865.2483426786503,819.7089562218792,0.0,0.0
16.0,930.7771494818535,884.2382920077607,837.6994345336682,0.0,0.0
16.1,932.6578421007093,886.0249499956739,839.3920578906384,0.0,0.0
16.2,926.1204793960662,879.8144554262628,833.5084314564597,0.0,0.0
16.3,917.6401850130272,871.7581757623758,825.8761665117245,0.0,0.0
16.400000000000002,902.8365877206942,857.6947583346595,812.5529289486248,0.0,0.0
16.5,890.5987142439584,846.0687785317605,801.5388428195625,0.0,0.0
16.6,867.7043349844531,824.3191182352305,780.9339014860078,0.0,0.0
16.7,859.5233282272638,816.5471618159006,773.5709954045375,0.0,0.0
16.8,845.100868988178,802.8458255387691,760.5907820893602,0.0,0.0
16.900000000000002,837.5591758135787,795.6812170228998,753.8032582322209,0.0,0.0
17.0,841.8843885366091,799.7901691097786,757.6959496829483,0.0,0.0
17.1,843.8784426151328,801.6845204843761,759.4905983536196,0.0,0.0
17.2,842.3161695972623,800.2003611173991,758.084552637536,0.0,0.0
17.3,846.7731159554395,804.4344601576674,762.0958043598955,0.0,0.0
17.400000000000002,834.7556300253509,793.0178485240833,751.2800670228158,0.0,0.0
17.5,829.5807542802497,788.1017165662372,746.6226788522248,0.0,0.0
17.6,818.0986305970555,777.1936990672027,736.2887675373499,0.0,0.0
17.7,801.3001347966256,761.2351280567942,721.170121316963,0.0,0.0
17.8,776.7921388595954,737.9525319166156,699.1129249736359,0.0,0.0
17.900000000000002,747.7224583492813,710.3363354318171,672.9502125143532,0.0,0.0
18.0,718.926164377692,682.9798561588074,647.0335479399228,0.0,0.0
18.1,706.0223909284322,670.7212713820105,635.420151835589,0.0,0.0
18.2,691.3527676135419,656.7851292328647,622.2174908521878,0.0,0.0
18.3,693.3509019010911,658.6833568060365,624.015811710982,0.0,0.0
18.400000000000002,691.4628003830014,656.8896603638514,622.3165203447013,0.0,0.0
18.5,693.7981354411902,659.1082286691307,624.4183218970712,0.0,0.0
18.6,701.453390052792,666.3807205501523,631.3080510475128,0.0,0.0
18.7,710.7544413416883,675.2167192746039,639.6789972075195,0.0,0.0
18.8,725.0333239428908,688.7816577457462,652.5299915486017,0.0,0.0
18.900000000000002,748.250121466307,710.8376153929916,673.4251093196763,0.0,0.0
19.0,729.3754450657092,692.9066728124237,656.4379005591383,0.0,0.0
19.1,727.4989202135713,691.1239742028927,654.7490281922142,0.0,0.0
19.200000000000003,727.8404578444929,691.4484349522683,655.0564120600436,0.0,0.0
19.3,720.6811231894377,684.6470670299658,648.6130108704939,0.0,0.0
19.400000000000002,715.1703231219643,679.411806965866,643.6532908097679,0.0,0.0
19.5,718.8345487138588,682.8928212781658,646.9510938424729,0.0,0.0
19.6,729.246211857486,692.7839012646116,656.3215906717373,0.0,0.0
19.700000000000003,739.7571506494703,702.7692931169968,665.7814355845233,0.0,0.0
19.8,762.0238693916084,723.9226759220279,685.8214824524475,0.0,0.0
19.900000000000002,784.3108715716593,745.0953279930762,705.8797844144933,0.0,0.0
20.0,795.0470763465993,755.2947225292693,715.5423687119394,0.0,0.0
20.1,822.9407097134309,781.7936742277593,740.6466387420878,0.0,0.0
20.200000000000003,850.0199781871049,807.5189792777496,765.0179803683944,0.0,0.0
20.3,867.1221346327486,823.7660279011111,780.4099211694738,0.0,0.0
20.400000000000002,892.5047479773112,847.8795105784457,803.2542731795801,0.0,0.0
20.5,887.0828920730078,842.7287474693574,798.3746028657071,0.0,0.0
20.6,880.7655306104606,836.7272540799376,792.6889775494145,0.0,0.0
20.700000000000003,878.7114844157209,834.7759101949348,790.8403359741488,0.0,0.0
20.8,870.9136623271029,827.3679792107476,783.8222960943926,0.0,0.0
20.900000000000002,874.1506722068304,830.4431385964889,786.7356049861475,0.0,0.0
21.0,868.7275752960024,825.2911965312023,781.8548177664022,0.0,0.0
21.1,872.6538418483175,829.0211497559015,785.3884576634857,0.0,0.0
21.200000000000003,875.9684623707117,832.170039252176,788.3716161336405,0.0,0.0
21.3,882.3375984470515,838.2207185246989,794.1038386023464,0.0,0.0
21.400000000000002,897.8101772674206,852.9196684040495,808.0291595406786,0.0,0.0
21.5,905.6616521074461,860.3785695020738,815.0954868967016,0.0,0.0
21.6,911.452782189728,865.8801430802416,820.3075039707553,0.0,0.0
21.700000000000003,913.4741383909494,867.8004314714019,822.1267245518545,0.0,0.0
21.8,898.3990821443327,853.4791280371161,808.5591739298994,0.0,0.0
21.900000000000002,895.5802501663738,850.8012376580551,806.0222251497365,0.0,0.0
22.0,866.5694069107022,823.2409365651671,779.912466219632,0.0,0.0
22.1,846.457210068238,804.1343495648262,761.8114890614142,0.0,0.0
22.200000000000003,825.3979303056934,784.1280337904087,742.8581372751241,0.0,0.0
22.3,799.9947672651664,759.9950289019081,719.9952905386498,0.0,0.0
22.400000000000002,788.506451053149,749.0811285004916,709.6558059478341,0.0,0.0
22.5,774.885377421642,736.1411085505599,697.3968396794778,0.0,0.0
22.6,757.2758771364092,719.4120832795887,681.5482894227683,0.0,0.0
22.700000000000003,744.4576933729196,707.2348087042736,670.0119240356277,0.0,0.0
22.8,770.8709662876738,732.32741797329,693.7838696589065,0.0,0.0
22.900000000000002,756.2554846749946,718.4427104412448,680.6299362074951,0.0,0.0
23.0,761.4998723924994,723.4248787728743,685.3498851532495,0.0,0.0
23.1,761.4726881095518,723.3990537040742,685.3254192985966,0.0,0.0
23.200000000000003,743.7413886924185,706.5543192577975,669.3672498231766,0.0,0.0
23.3,739.2555047649913,702.2927295267417,665.3299542884922,0.0,0.0
23.400000000000002,721.7627093770827,685.6745739082286,649.5864384393744,0.0,0.0
23.5,714.4788756407607,678.7549318587227,643.0309880766847,0.0,0.0
23.6,703.0869830215232,667.932633870447,632.778284719371,0.0,0.0
23.700000000000003,679.3106118347556,645.3450812430178,611.37955065128,0.0,0.0
23.8,673.7778667134824,640.0889733778082,606.4000800421342,0.0,0.0
23.900000000000002,661.9937943963541,628.8941046765364,595.7944149567187,0.0,0.0
24.0,682.7147455975845,648.5790083177053,614.4432710378261,0.0,0.0
24.1,694.1745477037057,659.4658203185204,624.7570929333351,0.0,0.0
24.200000000000003,710.1168806059167,674.6110365756208,639.105192545325,0.0,0.0
24.3,732.7216915676661,696.0856069892827,659.4495224108995,0.0,0.0
24.400000000000002,744.3817563849731,707.1626685657244,669.9435807464757,0.0,0.0
24.5,764.5486164096777,726.3211855891938,688.0937547687099,0.0,0.0
24.6,776.4320009936472,737.6104009439648,698.7888008942825,0.0,0.0
24.700000000000003,784.7140799313196,745.4783759347536,706.2426719381876,0.0,0.0
24.8,793.5752818114096,753.896517720839,714.2177536302686,0.0,0.0
24.900000000000002,802.8040930708788,762.6638884173349,722.5236837637909,0.0,0.0
25.0,807.7951811189872,767.4054220630378,727.0156630070885,0.0,0.0
25.1,800.3525385858787,760.3349116565847,720.3172847272908,0.0,0.0
25.200000000000003,811.2836142623304,770.7194335492138,730.1552528360974,0.0,0.0
25.3,813.7724320712776,773.0838104677138,732.3951888641499,0.0,0.0
25.400000000000002,823.554602899353,782.3768727543853,741.1991426094177,0.0,0.0
25.5,842.2531159492372,800.1404601517753,758.0278043543135,0.0,0.0
25.6,863.4226038123729,820.2514736217543,777.0803434311357,0.0,0.0
25.700000000000003,878.8971502782368,834.952292764325,791.0074352504132,0.0,0.0
25.8,893.9041646019589,849.208956371861,804.513748141763,0.0,0.0
25.900000000000002,918.9559672363487,873.0081688745312,827.0603705127138,0.0,0.0
26.0,922.5845626556593,876.4553345228762,830.3261063900934,0.0,0.0
26.1,931.3087706791207,884.7433321451646,838.1778936112087,0.0,0.0
26.200000000000003,931.505404419876,884.9301341988821,838.3548639778884,0.0,0.0
26.3,914.029211511698,868.327750936113,822.6262903605282,0.0,0.0
26.400000000000002,906.1399892908485,860.832989826306,815.5259903617637,0.0,0.0
26.5,887.7082538663699,843.3228411730513,798.937428479733,0.0,0.0
26.6,869.0326748196715,825.5810410786878,782.1294073377044,0.0,0.0
26.700000000000003,857.0342113320518,814.1825007654492,771.3307901988466,0.0,0.0
26.8,842.0254533078744,799.9241806424807,757.822907977087,0.0,0.0
26.900000000000002,838.1911323463221,796.2815757290059,754.37201911169,0.0,0.0
27.0,842.9606600972211,800.81262709236,758.664594087499,0.0,0.0
27.1,838.0833981662073,796.1792282578969,754.2750583495866,0.0,0.0
27.200000000000003,845.4696949542508,803.1962102065382,760.9227254588258,0.0,0.0
27.3,844.5289839824619,802.3025347833387,760.0760855842158,0.0,0.0
27.400000000000002,839.8790205396915,797.8850695127069,755.8911184857224,0.0,0.0
27.5,832.6342623579826,791.0025492400835,749.3708361221844,0.0,0.0
27.6,809.2645236842925,768.8012975000778,728.3380713158633,0.0,0.0
27.700000000000003,791.4870300766689,751.9126785728355,712.338327069002,0.0,0.0
27.8,775.2646244407609,736.5013932187229,697.7381619966849,0.0,0.0
27.900000000000002,749.7575212441487,712.2696451819413,674.7817691197339,0.0,0.0
28.0,719.644878442334,683.6626345202172,647.6803905981005,0.0,0.0
28.1,696.8541508411959,662.0114432991361,627.1687357570763,0.0,0.0
28.200000000000003,687.5969208208103,653.2170747797697,618.8372287387293,0.0,0.0
28.3,690.3276747994047,655.8112910594344,621.2949073194642,0.0,0.0
28.400000000000002,692.426385433537,657.8050661618602,623.1837468901833,0.0,0.0
28.5,690.7079597958025,656.1725618060124,621.6371638162223,0.0,0.0
28.6,710.1077450804371,674.6023578264152,639.0969705723934,0.0,0.0
28.700000000000003,706.9046513199962,671.5594187539964,636.2141861879966,0.0,0.0
28.8,720.3432395283775,684.3260775519585,648.3089155755397,0.0,0.0
28.900000000000002,734.3633415333915,697.6451744567219,660.9270073800524,0.0,0.0
29.0,743.6457464990294,706.4634591740779,669.2811718491265,0.0,0.0
29.1,726.3070220579209,689.9916709550248,653.6763198521288,0.0,0.0
29.200000000000003,731.6213682950414,695.0402998802894,658.4592314655373,0.0,0.0
29.3,722.0253592436243,685.924091281443,649.8228233192618,0.0,0.0
29.400000000000002,706.9513139580414,671.6037482601392,636.2561825622373,0.0,0.0
29.5,724.9855215325744,688.7362454559456,652.486969379317,0.0,0.0
29.6,718.007323565517,682.1069573872411,646.2065912089654,0.0,0.0
29.700000000000003,725.2222957659284,688.9611809776319,652.7000661893355,0.0,0.0
29.8,752.7232503416038,715.0870878245236,677.4509253074434,0.0,0.0
29.900000000000002,778.206755651931,739.2964178693344,700.3860800867379,0.0,0.0
30.0,789.988204551099,750.488794323544,710.9893840959891,0.0,0.0
30.1,828.779290638518,787.340326106592,745.9013615746662,0.0,0.0
30.200000000000003,841.3055395452238,799.2402625679626,757.1749855907015,0.0,0.0
30.3,869.6209808923502,826.1399318477327,782.6588828031151,0.0,0.0
30.400000000000002,880.3225334751017,836.3064068013466,792.2902801275916,0.0,0.0
30.5,887.9410401667352,843.5439881583984,799.1469361500617,0.0,0.0
30.6,881.9735758502206,837.8748970577095,793.7762182651986,0.0,0.0
30.700000000000003,880.4321977591133,836.4105878711575,792.3889779832019,0.0,0.0
30.8,873.8790132357196,830.1850625739336,786.4911119121477,0.0,0.0
30.900000000000002,871.1936951826623,827.6340104235292,784.074325664396,0.0,0.0
31.0,872.6952131008422,829.0604524458001,785.425691790758,0.0,0.0
31.1,858.9397962582243,815.992806445313,773.0458166324019,0.0,0.0
31.200000000000003,881.2733304135777,837.2096638928988,793.14599737222,0.0,0.0
31.3,876.8697391603903,833.0262522023708,789.1827652443512,0.0,0.0
31.400000000000002,893.914992732899,849.219243096254,804.5234934596091,0.0,0.0
31.5,896.5719537206768,851.7433560346429,806.9147583486091,0.0,0.0
31.6,906.7095895047647,861.3741100295265,816.0386305542883,0.0,0.0
31.700000000000003,908.2266010788695,862.815271024926,817.4039409709826,0.0,0.0
31.8,903.3889277169019,858.2194813310567,813.0500349452117,0.0,0.0
31.900000000000002,892.8700399991866,848.2265379992273,803.583035999268,0.0,0.0
32.0,867.2050289027742,823.8447774576355,780.4845260124968,0.0,0.0
32.1,848.9970267970054,806.5471754571552,764.0973241173049,0.0,0.0
32.2,826.7358354288216,785.3990436573805,744.0622518859394,0.0,0.0
32.300000000000004,806.43177619492,766.110187385174,725.788598575428,0.0,0.0
32.4,778.2277362257312,739.3163494144446,700.4049626031581,0.0,0.0
32.5,772.9997127130231,734.3497270773719,695.6997414417208,0.0,0.0
32.6,766.8868414083342,728.5424993379175,690.1981572675008,0.0,0.0
32.7,748.7891575695559,711.3496996910781,673.9102418126002,0.0,0.0
32.800000000000004,751.5701104266235,713.9916049052923,676.4130993839611,0.0,0.0
32.9,760.2861791409558,722.271870183908,684.2575612268603,0.0,0.0
33.0,757.7136924190036,719.8280077980534,681.9423231771033,0.0,0.0
33.1,745.3473505189905,708.079982993041,670.8126154670915,0.0,0.0
33.2,751.848957008479,714.256509158055,676.6640613076312,0.0,0.0
33.300000000000004,737.6036631164704,700.7234799606468,663.8432968048235,0.0,0.0
33.4,731.0492943216613,694.4968296055781,657.9443648894951,0.0,0.0
33.5,710.5258034958534,674.9995133210607,639.4732231462681,0.0,0.0
33.6,697.6524349168263,662.769813170985,627.8871914251437,0.0,0.0
33.7,680.6729802419399,646.6393312298428,612.6056822177459,0.0,0.0
33.800000000000004,674.6621581704094,640.9290502618888,607.1959423533684,0.0,0.0
33.9,667.4698484248528,634.0963560036101,600.7228635823675,0.0,0.0
34.0,672.3853762210779,638.766107410024,605.1468385989701,0.0,0.0
34.1,685.15594177584,650.898144687048,616.640347598256,0.0,0.0
34.2,703.8446289084911,668.6523974630666,633.460166017642,0.0,0.0
34.300000000000004,714.3773197516246,678.6584537640433,642.9395877764621,0.0,0.0
34.4,743.8573150977529,706.6644493428653,669.4715835879776,0.0,0.0
34.5,760.8384230737852,722.7965019200959,684.7545807664067,0.0,0.0
34.6,781.9998783410051,742.8998844239549,703.7998905069046,0.0,0.0
34.7,788.7655535173119,749.3272758414463,709.8889981655807,0.0,0.0
34.800000000000004,792.4744469880244,752.8507246386231,713.227002289222,0.0,0.0
34.9,801.7566536557185,761.6688209729326,721.5809882901467,0.0,0.0
35.0,799.9653870466838,759.9671176943496,719.9688483420153,0.0,0.0
35.1,801.8302068462083,761.7386965038978,721.6471861615875,0.0,0.0
35.2,798.7103615819315,758.7748435028349,718.8393254237384,0.0,0.0
35.300000000000004,812.959669063772,772.3116856105834,731.6637021573948,0.0,0.0
35.4,818.8938178460685,777.949126953765,737.0044360614617,0.0,0.0
35.5,836.1146276014921,794.3088962214174,752.5031648413429,0.0,0.0
35.6,856.4830277357781,813.6588763489892,770.8347249622003,0.0,0.0
35.7,872.7192469397598,829.0832845927719,785.4473222457839,0.0,0.0
35.800000000000004,893.5954969428965,848.9157220957517,804.2359472486069,0.0,0.0
35.9,911.6824147434994,866.0982940063244,820.5141732691495,0.0,0.0
36.0,930.7594689570715,884.2214955092179,837.6835220613643,0.0,0.0
36.1,927.5390364894747,881.162084665001,834.7851328405272,0.0,0.0
36.2,929.783433722322,883.2942620362059,836.8050903500898,0.0,0.0
36.300000000000004,914.8396682741019,869.0976848603967,823.3557014466917,0.0,0.0
36.4,903.0827403124304,857.9286032968088,812.7744662811873,0.0,0.0
36.5,885.5521433728193,841.2745362041783,796.9969290355374,0.0,0.0
36.6,868.2213842366995,824.8103150248645,781.3992458130296,0.0,0.0
36.7,855.04079048039,812.2887509563704,769.536711432351,0.0,0.0
36.800000000000004,845.0261256164385,802.7748193356166,760.5235130547948,0.0,0.0
36.9,852.9721557847784,810.3235479955393,767.6749402063006,0.0,0.0
37.0,839.6318540239034,797.6502613227083,755.6686686215131,0.0,0.0
37.1,837.8506431783426,795.9581110194254,754.0655788605084,0.0,0.0
37.2,844.4860456244477,802.2617433432252,760.0374410620029,0.0,0.0
37.300000000000004,848.5056272859734,806.0803459216747,763.6550645573761,0.0,0.0
37.4,844.0046228912345,801.8043917466728,759.604160602111,0.0,0.0
37.5,831.6407712599391,790.0587326969421,748.4766941339452,0.0,0.0
37.6,819.1714145981911,778.2128438682814,737.254273138372,0.0,0.0
37.7,790.1405137289763,750.6334880425275,711.1264623560787,0.0,0.0
37.800000000000004,777.6251377917666,738.7438809021783,699.86262401259,0.0,0.0
37.9,747.1654067145352,709.8071363788083,672.4488660430817,0.0,0.0
38.0,730.1126416129658,693.6070095323175,657.1013774516692,0.0,0.0
38.1,707.8392492400617,672.4472867780586,637.0553243160556,0.0,0.0
38.2,690.935313990983,656.3885482914338,621.8417825918847,0.0,0.0
38.300000000000004,684.3032728630192,650.0881092198682,615.8729455767173,0.0,0.0
38.400000000000006,689.9984426143302,655.4985204836137,620.9985983528971,0.0,0.0
38.5,702.6199454868342,667.4889482124925,632.3579509381508,0.0,0.0
38.6,707.8752521623281,672.4814895542117,637.0877269460954,0.0,0.0
38.7,712.9141186484723,677.2684127160486,641.6227067836251,0.0,0.0
38.800000000000004,726.9253651506847,690.5790968931504,654.2328286356162,0.0,0.0
38.900000000000006,735.3060585115063,698.5407555859309,661.7754526603557,0.0,0.0
39.0,732.7491747357234,696.1117159989371,659.474257262151,0.0,0.0
39.1,734.0692833852266,697.3658192159653,660.662355046704,0.0,0.0
39.2,735.7716375799382,698.9830557009412,662.1944738219444,0.0,0.0
39.300000000000004,716.2323335619501,680.4207168838526,644.6091002057551,0.0,0.0
39.400000000000006,718.8717335284966,682.9281468520718,646.984560175647,0.0,0.0
39.5,715.887384382642,680.0930151635099,644.2986459443779,0.0,0.0
39.6,717.5592289161078,681.6812674703024,645.803306024497,0.0,0.0
39.7,726.6604463205166,690.3274240044907,653.9944016884649,0.0,0.0
39.800000000000004,755.6275176206422,717.8461417396101,680.064765858578,0.0,0.0
39.900000000000006,778.7121267676278,739.7765204292464,700.840914090865,0.0,0.0
40.0,791.0373255556384,751.4854592778564,711.9335930000746,0.0,0.0
40.1,828.0079718301887,786.6075732386793,745.2071746471698,0.0,0.0
40.2,846.7086900164261,804.3732555156048,762.0378210147835,0.0,0.0
40.300000000000004,863.9589207842221,820.7609747450109,777.5630287057999,0.0,0.0
40.400000000000006,875.1969153378976,831.4370695710027,787.6772238041078,0.0,0.0
40.5,877.7184713315391,833.8325477649621,789.9466241983853,0.0,0.0
40.6,879.524639959278,835.5484079613141,791.5721759633502,0.0,0.0
40.7,880.4678685017504,836.4444750766629,792.4210816515754,0.0,0.0
40.800000000000004,870.8228766391601,827.281732807202,783.7405889752441,0.0,0.0
40.900000000000006,865.9241364752705,822.627929651507,779.3317228277435,0.0,0.0
41.0,868.577089199818,825.1482347398271,781.7193802798363,0.0,0.0
41.1,861.823912334428,818.7327167177066,775.6415211009852,0.0,0.0
41.2,878.9050018247895,834.95975173355,791.0145016423105,0.0,0.0
41.300000000000004,887.5337982887362,843.1571083742994,798.7804184598626,0.0,0.0
41.400000000000006,893.8715515678621,849.1779739894689,804.4843964110759,0.0,0.0
41.5,913.6608227749124,867.9777816361667,822.2947404974211,0.0,0.0
41.6,919.5792103926773,873.6002498730434,827.6212893534096,0.0,0.0
41.7,918.1306367515864,872.2241049140071,826.3175730764277,0.0,0.0
41.800000000000004,902.9147001345073,857.7689651277818,812.6232301210565,0.0,0.0
41.900000000000006,892.3870657642716,847.767712476058,803.1483591878444,0.0,0.0
42.0,884.1214332821436,839.9153616180364,795.7092899539292,0.0,0.0
42.1,849.139532842844,806.6825562007018,764.2255795585596,0.0,0.0
42.2,833.1596637653556,791.5016805770878,749.84369738882,0.0,0.0
42.300000000000004,796.3947407435193,756.5750037063433,716.7552666691673,0.0,0.0
42.400000000000006,783.9226371487724,744.7265052913338,705.5303734338952,0.0,0.0
42.5,763.6946808763458,725.5099468325285,687.3252127887113,0.0,0.0
42.6,767.2812840300762,728.9172198285723,690.5531556270686,0.0,0.0
42.7,751.1590199499709,713.6010689524724,676.0431179549738,0.0,0.0
42.800000000000004,759.7184531823355,721.7325305232187,683.746607864102,0.0,0.0
42.900000000000006,759.1258607528772,721.1695677152333,683.2132746775895,0.0,0.0
43.0,762.5867119852925,724.4573763860278,686.3280407867633,0.0,0.0
43.1,747.6396133220852,710.257632655981,672.8756519898767,0.0,0.0
43.2,749.9829311569742,712.4837845991256,674.9846380412769,0.0,0.0
43.300000000000004,743.6632396005969,706.4800776205669,669.2969156405372,0.0,0.0
43.400000000000006,726.9546596311361,690.6069266495792,654.2591936680225,0.0,0.0
43.5,722.277461028211,686.1635879768004,650.0497149253898,0.0,0.0
43.6,697.9835214276392,663.0843453562571,628.1851692848753,0.0,0.0
43.7,680.5316635893269,646.5050804098605,612.4784972303942,0.0,0.0
43.800000000000004,675.9670837731074,642.1687295844521,608.3703753957967,0.0,0.0
43.900000000000006,660.9362532141176,627.8894405534118,594.8426278927059,0.0,0.0
44.0,674.2936855753065,640.5790012965412,606.8643170177759,0.0,0.0
44.1,697.541218625953,662.6641576946553,627.7870967633577,0.0,0.0
44.2,717.3406436433557,681.4736114611879,645.6065792790201,0.0,0.0
44.300000000000004,722.28605687624,686.1717540324279,650.057451188616,0.0,0.0
44.400000000000006,743.0619400999593,705.9088430949613,668.7557460899634,0.0,0.0
44.5,770.5106869451716,731.985152597913,693.4596182506544,0.0,0.0
44.6,775.442270947106,736.6701573997506,697.8980438523954,0.0,0.0
44.7,795.2195514033451,755.4585738331779,715.6975962630106,0.0,0.0
44.800000000000004,810.902309519007,770.3571940430566,729.8120785671063,0.0,0.0
44.900000000000006,792.6109433920099,752.9803962224094,713.3498490528088,0.0,0.0
45.0,808.4295221221902,768.0080460160806,727.5865699099712,0.0,0.0
45.1,795.735977624854,755.9491787436112,716.1623798623685,0.0,0.0
45.2,798.200961910622,758.2909138150909,718.3808657195599,0.0,0.0
45.300000000000004,803.4480707106504,763.2756671751179,723.1032636395854,0.0,0.0
45.400000000000006,831.2585868859964,789.6956575416965,748.1327281973968,0.0,0.0
45.5,836.0408092586466,794.2387687957142,752.436728332782,0.0,0.0
45.6,855.4998882233091,812.7248938121436,769.9498994009782,0.0,0.0
45.7,871.8243960801013,828.2331762760963,784.6419564720912,0.0,0.0
45.800000000000004,886.2901430299906,841.9756358784911,797.6611287269916,0.0,0.0
45.900000000000006,915.5019369416339,869.7268400945521,823.9517432474705,0.0,0.0
46.0,924.3364012526445,878.1195811900122,831.90276112738,0.0,0.0
46.1,935.5009289542099,888.7258825064994,841.9508360587889,0.0,0.0
46.2,925.9196644068263,879.623681186485,833.3276979661437,0.0,0.0
46.300000000000004,921.1217065125132,875.0656211868875,829.009535861262,0.0,0.0
46.400000000000006,897.9498434745605,853.0523513008324,808.1548591271044,0.0,0.0
46.5,878.947659527126,835.0002765507696,791.0528935744135,0.0,0.0
46.6,871.4094755839927,827.839001804793,784.2685280255935,0.0,0.0
46.7,859.0235727400121,816.0723941030114,773.1212154660109,0.0,0.0
46.800000000000004,844.8677643959142,802.6243761761184,760.3809879563228,0.0,0.0
46.900000000000006,840.006115233953,798.0058094722554,756.0055037105577,0.0,0.0
47.0,841.5659968673403,799.4876970239733,757.4093971806063,0.0,0.0
47.1,840.2081613020492,798.1977532369467,756.1873451718443,0.0,0.0
47.2,840.4395377496865,798.4175608622021,756.3955839747179,0.0,0.0
47.300000000000004,838.7335119693294,796.7968363708628,754.8601607723964,0.0,0.0
47.400000000000006,835.5008226298161,793.7257814983252,751.9507403668345,0.0,0.0
47.5,831.4678546639452,789.8944619307479,748.3210691975507,0.0,0.0
47.6,816.9686285109439,776.1201970853966,735.2717656598495,0.0,0.0
47.7,799.3458547275037,759.3785619911284,719.4112692547534,0.0,0.0
47.800000000000004,765.4306867876884,727.159152448304,688.8876181089196,0.0,0.0
47.900000000000006,746.5409085427116,709.2138631155759,671.8868176884405,0.0,0.0
48.0,726.0440351188414,689.7418333628993,653.4396316069573,0.0,0.0
48.1,702.4078795054863,667.2874855302119,632.1670915549378,0.0,0.0
48.2,704.8909951021876,669.6464453470782,634.4018955919689,0.0,0.0
48.300000000000004,686.7264496079285,652.3901271275321,618.0538046471357,0.0,0.0
48.400000000000006,694.2229923462779,659.511842728964,624.8006931116502,0.0,0.0
48.5,701.422069975191,666.3509664764314,631.2798629776719,0.0,0.0
48.6,703.916653338132,668.7208206712254,633.5249880043189,0.0,0.0
48.7,716.587062616085,680.7577094852807,644.9283563544765,0.0,0.0
48.800000000000004,723.8041998971321,687.6139899022754,651.4237799074189,0.0,0.0
48.900000000000006,733.0685219148238,696.4150958190826,659.7616697233415,0.0,0.0
49.0,734.5403730906322,697.8133544361006,661.086335781569,0.0,0.0
49.1,734.0044633858429,697.3042402165507,660.6040170472586,0.0,0.0
49.2,726.9451009102258,690.5978458647145,654.2505908192032,0.0,0.0
49.300000000000004,715.0241092822735,679.2729038181598,643.5216983540462,0.0,0.0
49.400000000000006,718.5785483100059,682.6496208945056,646.7206934790053,0.0,0.0
49.5,718.6370369082849,682.7051850628707,646.7733332174564,0.0,0.0
49.6,713.9051702606998,678.2099117476648,642.5146532346299,0.0,0.0
49.7,739.4844789050745,702.5102549598207,665.5360310145671,0.0,0.0
49.800000000000004,746.1301366226119,708.8236297914813,671.5171229603507,0.0,0.0
49.900000000000006,768.6775677946591,730.2436894049262,691.8098110151932,0.0,0.0
50.0,799.9500802397708,759.9525762277823,719.9550722157937,0.0,0.0
50.1,825.6851580966842,784.4009001918499,743.1166422870158,0.0,0.0
50.2,853.3911063198608,810.7215510038677,768.0519956878748,0.0,0.0
50.300000000000004,866.2236410671761,822.9124590138173,779.6012769604586,0.0,0.0
50.400000000000006,885.3986598233524,841.1287268321847,796.8587938410172,0.0,0.0
50.5,884.5889997147978,840.3595497290578,796.1300997433179,0.0,0.0
50.6,883.55071321271,839.3731775520745,795.195641891439,0.0,0.0
50.7,879.4290924726449,835.4576378490126,791.4861832253805,0.0,0.0
50.800000000000004,870.7326656316468,827.1960323500645,783.6593990684821,0.0,0.0
50.900000000000006,862.0573181615496,818.954452253472,775.8515863453946,0.0,0.0
51.0,867.8715261897552,824.4779498802674,781.0843735707797,0.0,0.0
51.1,866.4935130048406,823.1688373545985,779.8441617043566,0.0,0.0
51.2,869.5766692530011,826.097835790351,782.619002327701,0.0,0.0
51.300000000000004,877.9224893301978,834.0263648636878,790.130240397178,0.0,0.0
51.400000000000006,903.0520227242329,857.8994215880211,812.7468204518096,0.0,0.0
51.5,900.3813186885254,855.3622527540991,810.343186819673,0.0,0.0
51.6,907.6573607729184,862.2744927342725,816.8916246956265,0.0,0.0
51.7,918.1903280467042,872.2808116443689,826.3712952420337,0.0,0.0
51.800000000000004,911.3326052482811,865.7659749858669,820.199344723453,0.0,0.0
51.900000000000006,885.6455216706997,841.3632455871647,797.0809695036298,0.0,0.0
52.0,887.141239662598,842.784177679468,798.4271156963382,0.0,0.0
52.1,851.8240167215633,809.2328158854851,766.641615049407,0.0,0.0
52.2,829.18745230921,787.7280796937495,746.268707078289,0.0,0.0
52.300000000000004,806.841618544793,766.4995376175534,726.1574566903138,0.0,0.0
52.400000000000006,783.1142770171435,743.9585631662864,704.8028493154292,0.0,0.0
52.5,770.5062706660364,731.9809571327345,693.4556435994327,0.0,0.0
52.6,749.5702751622175,712.0917614041066,674.6132476459958,0.0,0.0
52.7,758.6990528971965,720.7641002523366,682.8291476074768,0.0,0.0
52.800000000000004,759.802265621243,721.8121523401808,683.8220390591188,0.0,0.0
52.900000000000006,755.7258750003227,717.9395812503066,680.1532875002905,0.0,0.0
53.0,759.47806730537,721.5041639401015,683.530260574833,0.0,0.0
53.1,767.104758997294,728.7495210474292,690.3942830975645,0.0,0.0
53.2,751.6389263370343,714.0569800201826,676.4750337033308,0.0,0.0
53.300000000000004,743.158966164015,706.0010178558143,668.8430695476136,0.0,0.0
53.400000000000006,722.5568512318611,686.429008670268,650.3011661086749,0.0,0.0
53.5,707.7477263504811,672.3603400329571,636.972953715433,0.0,0.0
53.6,697.3519506785804,662.4843531446513,627.6167556107223,0.0,0.0
53.7,683.127221277161,648.9708602133029,614.8144991494449,0.0,0.0
53.800000000000004,676.0345592787226,642.2328313147864,608.4311033508503,0.0,0.0
53.900000000000006,677.3037113658341,643.4385257975424,609.5733402292508,0.0,0.0
54.0,686.583086298965,652.2539319840167,617.9247776690685,0.0,0.0
54.1,685.157775709204,650.8998869237438,616.6419981382836,0.0,0.0
54.2,706.3120399454883,670.9964379482138,635.6808359509395,0.0,0.0
54.300000000000004,719.492734730359,683.518097993841,647.5434612573231,0.0,0.0
54.400000000000006,741.3007968465065,704.2357570041811,667.1707171618559,0.0,0.0
54.5,763.6467654682284,725.464427194817,687.2820889214056,0.0,0.0
54.6,774.2000212016255,735.4900201415442,696.780019081463,0.0,0.0
54.7,793.5782603947132,753.8993473749775,714.2204343552419,0.0,0.0
54.800000000000004,787.483463446333,748.1092902740163,708.7351171016996,0.0,0.0
54.900000000000006,799.2146383928459,759.2539064732036,719.2931745535614,0.0,0.0
55.0,799.0618507849947,759.108758245745,719.1556657064953,0.0,0.0
55.1,794.4380415237927,754.716139447603,714.9942373714134,0.0,0.0
55.2,800.6603734989641,760.6273548240158,720.5943361490677,0.0,0.0
55.300000000000004,806.5759620073203,766.2471639069543,725.9183658065883,0.0,0.0
55.400000000000006,818.4017214429705,777.4816353708219,736.5615492986734,0.0,0.0
55.5,830.5346739005421,789.007940205515,747.4812065104879,0.0,0.0
55.6,848.5502893141824,806.1227748484732,763.6952603827641,0.0,0.0
55.7,876.0107695409096,832.2102310638641,788.4096925868187,0.0,0.0
55.800000000000004,891.4223928215305,846.851273180454,802.2801535393775,0.0,0.0
55.900000000000006,916.8907451433639,871.0462078861957,825.2016706290275,0.0,0.0
56.0,929.4978381194484,883.022946213476,836.5480543075035,0.0,0.0
56.1,932.0341167822173,885.4324109431064,838.8307051039956,0.0,0.0
56.2,920.1727194042257,874.1640834340144,828.1554474638032,0.0,0.0
56.300000000000004,913.6390279261179,867.957076529812,822.2751251335062,0.0,0.0
56.400000000000006,906.014181738391,860.7134726514714,815.4127635645519,0.0,0.0
56.5,882.4160440004821,838.2952418004579,794.1744396004339,0.0,0.0
56.6,878.5798743343208,834.6508806176048,790.7218869008888,0.0,0.0
56.7,867.1712289681957,823.8126675197859,780.4541060713761,0.0,0.0
56.800000000000004,845.9281064938441,803.6317011691518,761.3352958444597,0.0,0.0
56.900000000000006,843.7953212744387,801.6055552107167,759.4157891469948,0.0,0.0
57.0,844.5342056312676,802.3074953497041,760.0807850681408,0.0,0.0
57.1,836.1328880925638,794.3262436879356,752.5195992833075,0.0,0.0
57.2,842.5299367388366,800.4034399018947,758.2769430649529,0.0,0.0
57.300000000000004,847.8263148889214,805.4349991444752,763.0436834000293,0.0,0.0
57.400000000000006,842.0401631966696,799.9381550368361,757.8361468770026,0.0,0.0
57.5,825.8737557575212,784.580067969645,743.2863801817691,0.0,0.0
57.6,815.5946757805838,774.8149419915545,734.0352082025254,0.0,0.0
57.7,803.981159487813,763.7821015134223,723.5830435390317,0.0,0.0
57.800000000000004,774.4096748987317,735.6891911537952,696.9687074088586,0.0,0.0
57.900000000000006,744.4149703476912,707.1942218303067,669.9734733129221,0.0,0.0
58.0,726.0094806149618,689.7090065842137,653.4085325534656,0.0,0.0
58.1,700.6221961258861,665.5910863195918,630.5599765132976,0.0,0.0
58.2,694.3230301586523,659.6068786507196,624.8907271427871,0.0,0.0
58.300000000000004,685.3481573256471,651.0807494593647,616.8133415930824,0.0,0.0
58.400000000000006,686.7051554916995,652.3698977171146,618.0346399425296,0.0,0.0
58.5,692.6472940183756,658.0149293174568,623.382564616538,0.0,0.0
58.6,702.9442632800188,667.7970501160179,632.6498369520169,0.0,0.0
58.7,712.8245039450226,677.1832787477714,641.5420535505203,0.0,0.0
58.800000000000004,729.0125855570866,692.5619562792323,656.111327001378,0.0,0.0
58.900000000000006,732.965648666665,696.3173662333317,659.6690837999985,0.0,0.0
59.0,740.3109030430932,703.2953578909385,666.2798127387839,0.0,0.0
59.1,740.7112012215853,703.675641160506,666.6400810994268,0.0,0.0
59.2,728.3927320102312,691.9730954097196,655.5534588092081,0.0,0.0
59.300000000000004,724.0630956973567,687.8599409124889,651.6567861276211,0.0,0.0
59.400000000000006,729.9268245084443,693.430483283022,656.9341420575998,0.0,0.0
59.5,715.463477322302,679.6903034561868,643.9171295900718,0.0,0.0
59.6,724.0001972401768,687.800187378168,651.6001775161592,0.0,0.0
59.7,733.3448693856551,696.6776259163723,660.0103824470896,0.0,0.0
59.800000000000004,746.9567656275245,709.6089273461482,672.2610890647721,0.0,0.0
59.900000000000006,772.6552381214906,734.022476215416,695.3897143093416,0.0,0.0
60.0,790.2375198847783,750.7256438905393,711.2137678963005,0.0,0.0
60.1,821.7054049669401,780.6201347185931,739.5348644702461,0.0,0.0
60.2,856.2010706147734,813.3910170840346,770.580963553296,0.0,0.0
60.300000000000004,864.2003170059536,820.9903011556559,777.7802853053582,0.0,0.0
60.400000000000006,875.9634917892756,832.1653171998119,788.3671426103481,0.0,0.0
60.5,875.0229106383015,831.2717651063864,787.5206195744713,0.0,0.0
60.6,881.899387381713,837.8044180126274,793.7094486435418,0.0,0.0
60.7,874.2562082459111,830.5433978336156,786.83058742132,0.0,0.0
60.800000000000004,865.7782056036867,822.4892953235023,779.2003850433181,0.0,0.0
60.900000000000006,867.4016773393876,824.0315934724182,780.6615096054488,0.0,0.0
61.0,872.2777123189597,828.6638267030118,785.0499410870638,0.0,0.0
61.1,870.8554788128162,827.3127048721753,783.7699309315345,0.0,0.0
61.2,875.5927811058323,831.8131420505406,788.033502995249,0.0,0.0
61.300000000000004,890.1276185867521,845.6212376574144,801.1148567280769,0.0,0.0
61.400000000000006,893.9432023034111,849.2460421882405,804.54888207307,0.0,0.0
61.5,891.830179980536,847.2386709815091,802.6471619824823,0.0,0.0
61.6,919.5507558309366,873.5732180393898,827.595680247843,0.0,0.0
61.7,915.2479498761111,869.4855523823055,823.7231548885,0.0,0.0
61.800000000000004,906.7039132465794,861.3687175842504,816.0335219219215,0.0,0.0
61.900000000000006,895.0892344017605,850.3347726816723,805.5803109615845,0.0,0.0
62.0,878.9390063724057,834.9920560537854,791.0451057351652,0.0,0.0
62.1,854.320832505684,811.6047908803998,768.8887492551156,0.0,0.0
62.2,824.2108032794406,783.0002631154686,741.7897229514965,0.0,0.0
62.300000000000004,800.530834215148,760.5042925043906,720.4777507936333,0.0,0.0
62.400000000000006,789.2798196575891,749.8158286747096,710.3518376918302,0.0,0.0
62.5,772.2106381522946,733.6001062446798,694.9895743370652,0.0,0.0
62.6,760.7776417784505,722.7387596895279,684.6998776006055,0.0,0.0
62.7,741.7639636884812,704.6757655040572,667.5875673196331,0.0,0.0
62.800000000000004,760.5273111178859,722.5009455619916,684.4745800060973,0.0,0.0
62.900000000000006,750.7385811007908,713.2016520457513,675.6647229907118,0.0,0.0
63.0,763.3159643483181,725.1501661309021,686.9843679134863,0.0,0.0
63.1,759.1775325924351,721.2186559628133,683.2597793331917,0.0,0.0
63.2,745.2211378538068,707.9600809611164,670.6990240684262,0.0,0.0
63.300000000000004,739.2938829706789,702.3291888221448,665.364494673611,0.0,0.0
63.400000000000006,737.4030036562897,700.5328534734751,663.6627032906607,0.0,0.0
63.5,717.2944314250907,681.4297098538361,645.5649882825817,0.0,0.0
63.6,691.9488752456147,657.3514314833338,622.7539877210532,0.0,0.0
63.7,681.8952723139922,647.8005086982926,613.705745082593,0.0,0.0
63.800000000000004,673.7659052070927,640.077609946738,606.3893146863835,0.0,0.0
63.900000000000006,670.7068424751631,637.1715003514049,603.6361582276468,0.0,0.0
64.0,677.265005998119,643.401755698213,609.5385053983072,0.0,0.0
64.10000000000001,683.8495674288991,649.6570890574542,615.4646106860092,0.0,0.0
64.2,690.2419918520515,655.7298922594489,621.2177926668463,0.0,0.0
64.3,732.8867329760023,696.2423963272022,659.5980596784021,0.0,0.0
64.4,740.4183085589084,703.397393130963,666.3764777030176,0.0,0.0
64.5,769.4105092198769,730.939983758883,692.4694582978892,0.0,0.0
64.60000000000001,784.2792353064979,745.0652735411729,705.8513117758481,0.0,0.0
64.7,789.9074080462967,750.4120376439819,710.916667241667,0.0,0.0
64.8,804.6887396841588,764.4543026999509,724.2198657157429,0.0,0.0
64.9,802.1385345557155,762.0316078279297,721.924681100144,0.0,0.0
65.0,798.2350099184093,758.3232594224888,718.4115089265684,0.0,0.0
65.10000000000001,796.531496557677,756.7049217297931,716.8783469019093,0.0,0.0
65.2,805.64028281158,765.358268671001,725.076254530422,0.0,0.0
65.3,807.3705207700848,767.0019947315806,726.6334686930763,0.0,0.0
65.4,826.3957303294983,785.0759438130233,743.7561572965485,0.0,0.0
65.5,831.0181722909426,789.4672636763954,747.9163550618484,0.0,0.0
65.60000000000001,856.2577624779469,813.4448743540495,770.6319862301523,0.0,0.0
65.7,877.3026634371115,833.4375302652559,789.5723970934004,0.0,0.0
65.8,900.3234938654706,855.307319172197,810.2911444789236,0.0,0.0
65.9,909.8385753399824,864.3466465729832,818.8547178059841,0.0,0.0
66.0,932.7184695242685,886.082546048055,839.4466225718417,0.0,0.0
66.10000000000001,935.2874915977485,888.5231170178611,841.7587424379736,0.0,0.0
66.2,925.3460576092684,879.0787547288049,832.8114518483416,0.0,0.0
66.3,921.1139418721239,875.0582447785176,829.0025476849115,0.0,0.0
66.4,906.910904870909,861.5653596273635,816.2198143838182,0.0,0.0
66.5,886.5718075159755,842.2432171401766,797.914626764378,0.0,0.0
66.60000000000001,862.2816145979306,819.167533868034,776.0534531381376,0.0,0.0
66.7,854.8925841334141,812.1479549267433,769.4033257200726,0.0,0.0
66.8,851.5672450274236,808.9888827760524,766.4105205246813,0.0,0.0
66.9,842.6790854259679,800.5451311546694,758.4111768833711,0.0,0.0
67.0,846.8778381169086,804.5339462110632,762.1900543052178,0.0,0.0
67.10000000000001,832.7298291078231,791.093337652432,749.4568461970408,0.0,0.0
67.2,848.711380930348,806.2758118838306,763.8402428373132,0.0,0.0
67.3,845.7135675161504,803.4278891403428,761.1422107645354,0.0,0.0
67.4,851.2805174901562,808.7164916156484,766.1524657411405,0.0,0.0
67.5,827.2274465229461,785.8660741967988,744.5047018706515,0.0,0.0
67.60000000000001,811.8950704069409,771.3003168865938,730.7055633662469,0.0,0.0
67.7,799.007361268171,759.0569932047624,719.106625141354,0.0,0.0
67.8,763.8649305276703,725.6716840012867,687.4784374749032,0.0,0.0
67.9,749.6643338784307,712.1811171845092,674.6979004905877,0.0,0.0
68.0,722.2655670020928,686.1522886519881,650.0390103018835,0.0,0.0
68.10000000000001,703.0891894057078,667.9347299354223,632.780270465137,0.0,0.0
68.2,682.128788461141,648.0223490380839,613.9159096150269,0.0,0.0
68.3,696.504218613834,661.6790076831423,626.8537967524506,0.0,0.0
68.4,693.9093619470591,659.2138938497061,624.5184257523532,0.0,0.0
68.5,699.0492757772419,664.0968119883797,629.1443481995177,0.0,0.0
68.60000000000001,710.1773947116856,674.6685249761013,639.159655240517,0.0,0.0
68.7,708.5155399549789,673.0897629572299,637.663985959481,0.0,0.0
68.8,724.8610601615978,688.618007153518,652.3749541454381,0.0,0.0
68.9,732.2089233180584,695.5984771521554,658.9880309862526,0.0,0.0
69.0,729.0771690626184,692.6233106094875,656.1694521563566,0.0,0.0
69.10000000000001,737.181995669137,700.3228958856802,663.4637961022233,0.0,0.0
69.2,728.4032371549134,691.9830752971677,655.5629134394221,0.0,0.0
69.3,718.197607832642,682.2877274410099,646.3778470493778,0.0,0.0
69.4,725.974294933171,689.6755801865124,653.3768654398539,0.0,0.0
69.5,711.0290616981766,675.4776086132678,639.926155528359,0.0,0.0
69.60000000000001,723.9605038777438,687.7624786838566,651.5644534899694,0.0,0.0
69.7,722.640870449679,686.5088269271951,650.3767834047111,0.0,0.0
69.8,753.153096344082,715.4954415268778,677.8377867096738,0.0,0.0
69.9,782.4511410422836,743.3285839901694,704.2060269380552,0.0,0.0
70.0,805.132699753815,764.8760647661243,724.6194297784335,0.0,0.0
70.10000000000001,832.2143130768907,790.6035974230462,748.9928817692016,0.0,0.0
70.2,851.2227806817848,808.6616416476955,766.1005026136063,0.0,0.0
70.3,855.9926915071927,813.1930569318331,770.3934223564735,0.0,0.0
70.4,887.1315882836586,842.7750088694756,798.4184294552928,0.0,0.0
70.5,884.9163336844676,840.6705170002442,796.4247003160209,0.0,0.0
70.60000000000001,886.5060500018678,842.1807475017744,797.8554450016811,0.0,0.0
70.7,872.9034627874736,829.2582896480999,785.6131165087262,0.0,0.0
70.8,865.719187902565,822.4332285074366,779.1472691123084,0.0,0.0
70.9,873.3358382624954,829.6690463493705,786.0022544362458,0.0,0.0
71.0,867.0225272946567,823.6714009299238,780.3202745651911,0.0,0.0
71.10000000000001,864.4878692226312,821.2634757614995,778.039082300368,0.0,0.0
71.2,875.2633144293361,831.5001487078692,787.7369829864025,0.0,0.0
71.3,882.0421518926416,837.9400442980095,793.8379367033775,0.0,0.0
71.4,901.578985057658,856.500035804775,811.4210865518922,0.0,0.0
71.5,912.4849192106686,866.8606732501352,821.2364272896018,0.0,0.0
71.60000000000001,902.9801029996835,857.8310978496993,812.6820926997151,0.0,0.0
71.7,902.5119354912009,857.3863387166408,812.2607419420808,0.0,0.0
71.8,913.618007592982,867.9371072133329,822.2562068336839,0.0,0.0
71.9,900.5555871574313,855.5278077995597,810.5000284416882,0.0,0.0
72.0,875.3254099309914,831.5591394344418,787.7928689378923,0.0,0.0
72.10000000000001,846.5594635411599,804.2314903641018,761.9035171870439,0.0,0.0
72.2,831.5828205437086,790.0036795165232,748.4245384893378,0.0,0.0
72.3,801.2525599124765,761.1899319168526,721.1273039212289,0.0,0.0
72.4,777.539243445138,738.662281272881,699.7853191006243,0.0,0.0
72.5,776.9768050603437,738.1279648073265,699.2791245543094,0.0,0.0
72.60000000000001,759.273650273508,721.3099677598326,683.3462852461572,0.0,0.0
72.7,758.3733597655429,720.4546917772657,682.5360237889886,0.0,0.0
72.8,759.7927656737945,721.8031273901048,683.8134891064151,0.0,0.0
72.9,762.3517377060394,724.2341508207375,686.1165639354355,0.0,0.0
73.0,760.506174198536,722.4808654886092,684.4555567786824,0.0,0.0
73.10000000000001,753.7865576830276,716.0972297988761,678.4079019147248,0.0,0.0
73.2,752.9855936198068,715.3363139388164,677.6870342578261,0.0,0.0
73.3,743.3867160048882,706.2173802046437,669.0480444043993,0.0,0.0
73.4,734.0607474225155,697.3577100513897,660.654672680264,0.0,0.0
73.5,715.6176946137845,679.8368098830952,644.0559251524061,0.0,0.0
73.60000000000001,692.4396924413418,657.8177078192747,623.1957231972076,0.0,0.0
73.7,677.6975935006882,643.8127138256538,609.9278341506193,0.0,0.0
73.8,673.2030455927902,639.5428933131507,605.8827410335113,0.0,0.0
73.9,674.2668599790135,640.5535169800628,606.8401739811121,0.0,0.0
74.0,671.6430635103128,638.0609103347971,604.4787571592815,0.0,0.0
74.10000000000001,690.2143963060331,655.7036764907314,621.1929566754299,0.0,0.0
74.2,704.7877923291989,669.5484027127388,634.3090130962789,0.0,0.0
74.3,725.1115837130543,688.8560045274015,652.6004253417489,0.0,0.0
74.4,749.1459434105303,711.6886462400038,674.2313490694773,0.0,0.0
74.5,767.1374146187255,728.7805438877892,690.4236731568529,0.0,0.0
74.60000000000001,770.7633166568872,732.2251508240429,693.6869849911985,0.0,0.0
74.7,789.2653998806081,749.8021298865776,710.3388598925474,0.0,0.0
74.8,802.2327825474034,762.1211434200333,722.0095042926631,0.0,0.0
74.9,805.733694322403,765.4470096062829,725.1603248901628,0.0,0.0
75.0,804.6347402325903,764.4030032209607,724.1712662093313,0.0,0.0
75.10000000000001,808.0893396719989,767.684872688399,727.280405704799,0.0,0.0
75.2,805.7557627743781,765.4679746356592,725.1801864969403,0.0,0.0
75.3,812.0167373488661,771.4159004814227,730.8150636139794,0.0,0.0
75.4,815.3286200334445,774.5621890317723,733.7957580301,0.0,0.0
75.5,831.7631724079114,790.1750137875158,748.5868551671202,0.0,0.0
75.60000000000001,851.4264380767953,808.8551161729555,766.2837942691158,0.0,0.0
75.7,875.4574322680398,831.6845606546378,787.9116890412358,0.0,0.0
75.8,894.5758881040762,849.8470936988723,805.1182992936685,0.0,0.0
75.9,906.3598046917375,861.0418144571506,815.7238242225637,0.0,0.0
76.0,916.5784975576875,870.749572679803,824.9206478019187,0.0,0.0
76.10000000000001,929.455236066589,882.9824742632595,836.5097124599301,0.0,0.0
76.2,931.4062616361458,884.8359485543385,838.2656354725312,0.0,0.0
76.3,916.9776956807705,871.1288108967319,825.2799261126935,0.0,0.0
76.4,905.3669780656014,860.0986291623213,814.8302802590413,0.0,0.0
76.5,889.1871180277608,844.7277621263727,800.2684062249847,0.0,0.0
76.60000000000001,862.4538676234373,819.3311742422654,776.2084808610936,0.0,0.0
76.7,862.9859341228901,819.8366374167455,776.6873407106011,0.0,0.0
76.80000000000001,845.5380926652838,803.2611880320195,760.9842833987555,0.0,0.0
76.9,844.4013913929003,802.1813218232553,759.9612522536103,0.0,0.0
77.0,844.9195512283834,802.6735736669642,760.427596105545,0.0,0.0
77.10000000000001,839.5245962576657,797.5483664447825,755.5721366318992,0.0,0.0
77.2,844.3178982768413,802.1020033629992,759.8861084491572,0.0,0.0
77.30000000000001,837.0385575744992,795.1866296957743,753.3347018170493,0.0,0.0
77.4,844.107795024199,801.9024052729891,759.6970155217791,0.0,0.0
77.5,829.566552046346,788.0882244440287,746.6098968417115,0.0,0.0
77.60000000000001,813.271787662203,772.6081982790928,731.9446088959827,0.0,0.0
77.7,801.2261689849017,761.1648605356567,721.1035520864116,0.0,0.0
77.80000000000001,763.5964738918575,725.4166501972646,687.2368265026718,0.0,0.0
77.9,747.1702416271975,709.8117295458376,672.4532174644777,0.0,0.0
78.0,736.4667552410091,699.6434174789586,662.8200797169081,0.0,0.0
78.10000000000001,703.5249154340654,668.3486696623621,633.1724238906589,0.0,0.0
78.2,689.651403120156,655.1688329641482,620.6862628081404,0.0,0.0
78.30000000000001,686.4718728425146,652.1482792003889,617.8246855582631,0.0,0.0
78.4,683.5043566185524,649.3291387876247,615.1539209566971,0.0,0.0
78.5,697.2593997937422,662.3964298040551,627.533459814368,0.0,0.0
78.60000000000001,700.7068591328283,665.6715161761869,630.6361732195455,0.0,0.0
78.7,718.5926081040662,682.6629776988628,646.7333472936597,0.0,0.0
78.80000000000001,718.9906790126977,683.0411450620628,647.0916111114279,0.0,0.0
78.9,730.3107405522038,693.7952035245936,657.2796664969834,0.0,0.0
79.0,725.5987408337438,689.3188037920565,653.0388667503695,0.0,0.0
79.10000000000001,738.4653837730859,701.5421145844316,664.6188453957774,0.0,0.0
79.2,720.4175779133473,684.3966990176799,648.3758201220126,0.0,0.0
79.30000000000001,724.759925190624,688.5219289310928,652.2839326715616,0.0,0.0
79.4,708.1948723270392,672.7851287106872,637.3753850943353,0.0,0.0
79.5,722.7662581371785,686.6279452303196,650.4896323234607,0.0,0.0
79.60000000000001,715.6843508852824,679.9001333410182,644.1159157967542,0.0,0.0
79.7,736.0777471257226,699.2738597694364,662.4699724131503,0.0,0.0
79.80000000000001,752.8989534028257,715.2540057326844,677.6090580625431,0.0,0.0
79.9,770.4725547343329,731.9489269976162,693.4252992608996,0.0,0.0
80.0,798.9011960756864,758.956136271902,719.0110764681177,0.0,0.0
80.10000000000001,826.4994633637436,785.1744901955565,743.8495170273693,0.0,0.0
80.2,846.1011437653513,803.7960865770837,761.4910293888162,0.0,0.0
80.30000000000001,867.7839616710955,824.3947635875408,781.005565503986,0.0,0.0
80.4,877.314931227586,833.4491846662067,789.5834381048275,0.0,0.0
80.5,875.6957764700969,831.910987646592,788.1261988230873,0.0,0.0
80.60000000000001,884.9710402194869,840.7224882085125,796.4739361975383,0.0,0.0
80.7,876.7292411733181,832.8927791146522,789.0563170559863,0.0,0.0
80.80000000000001,877.4229604067731,833.5518123864344,789.6806643660958,0.0,0.0
80.9,878.3280813449859,834.4116772777365,790.4952732104873,0.0,0.0
81.0,864.9881213547236,821.7387152869874,778.4893092192513,0.0,0.0
81.10000000000001,873.4953960597009,829.8206262567157,786.1458564537307,0.0,0.0
81.2,867.7803235058308,824.3913073305392,781.0022911552477,0.0,0.0
81.30000000000001,875.1027630078847,831.3476248574905,787.5924867070963,0.0,0.0
81.4,891.3777856749981,846.8088963912481,802.2400071074983,0.0,0.0
81.5,897.271333104479,852.4077664492551,807.5441997940311,0.0,0.0
81.60000000000001,916.3895106744596,870.5700351407366,824.7505596070137,0.0,0.0
81.7,914.0423470724432,868.3402297188211,822.6381123651989,0.0,0.0
81.80000000000001,905.5339213111415,860.2572252455844,814.9805291800274,0.0,0.0
81.9,897.0498638098923,852.1973706193976,807.344877428903,0.0,0.0
82.0,870.6238226419906,827.092631509891,783.5614403777915,0.0,0.0
82.10000000000001,850.9785264045267,808.4296000843003,765.8806737640741,0.0,0.0
82.2,830.6226935550421,789.09155887729,747.5604241995379,0.0,0.0
82.30000000000001,813.0799222836082,772.4259261694277,731.7719300552474,0.0,0.0
82.4,784.3562656147819,745.1384523340428,705.9206390533037,0.0,0.0
82.5,766.6409573516911,728.3089094841065,689.976861616522,0.0,0.0
82.60000000000001,764.2283117962364,726.0168962064246,687.8054806166128,0.0,0.0
82.7,756.3882072573997,718.5687968945297,680.7493865316598,0.0,0.0
82.80000000000001,762.0080309027285,723.907629357592,685.8072278124556,0.0,0.0
82.9,753.9087207597453,716.213284721758,678.5178486837708,0.0,0.0
83.0,753.1856849183682,715.5264006724498,677.8671164265314,0.0,0.0
83.10000000000001,746.6308249281634,709.2992836817552,671.9677424353471,0.0,0.0
83.2,750.5720323964273,713.0434307766059,675.5148291567846,0.0,0.0
83.30000000000001,740.3686810696454,703.350247016163,666.3318129626808,0.0,0.0
83.4,729.0941875508641,692.6394781733209,656.1847687957777,0.0,0.0
83.5,722.2625930417141,686.1494633896284,650.0363337375427,0.0,0.0
83.60000000000001,700.6868149814926,665.652474232418,630.6181334833434,0.0,0.0
83.7,675.0121984231058,641.2615885019505,607.5109785807953,0.0,0.0
83.80000000000001,670.8913925967436,637.3468229669064,603.8022533370693,0.0,0.0
83.9,667.8341871757266,634.4424778169403,601.0507684581539,0.0,0.0
84.0,680.5456697548228,646.5183862670816,612.4911027793405,0.0,0.0
84.10000000000001,692.0199395729965,657.4189425943466,622.8179456156969,0.0,0.0
84.2,713.0338943358719,677.3821996190783,641.7305049022847,0.0,0.0
84.30000000000001,718.4829379905743,682.5587910910456,646.6346441915169,0.0,0.0
84.4,750.0111591844036,712.5106012251833,675.0100432659633,0.0,0.0
84.5,766.0513996077906,727.748829627401,689.4462596470115,0.0,0.0
84.60000000000001,778.1795862171318,739.2706069062752,700.3616275954187,0.0,0.0
84.7,788.6542998669474,749.2215848736,709.7888698802527,0.0,0.0
84.80000000000001,791.4019892214494,751.831889760377,712.2617902993045,0.0,0.0
84.9,801.1688952923059,761.1104505276905,721.0520057630754,0.0,0.0
85.0,802.9329673868108,762.7863190174702,722.6396706481297,0.0,0.0
85.10000000000001,794.4273326226846,754.7059659915503,714.9845993604162,0.0,0.0
85.2,801.0177950813014,760.9669053272363,720.9160155731713,0.0,0.0
85.30000000000001,810.7837441074483,770.2445569020759,729.7053696967035,0.0,0.0
85.4,820.2521382599343,779.2395313469376,738.2269244339409,0.0,0.0
85.5,835.968470203492,794.1700466933173,752.3716231831428,0.0,0.0
85.60000000000001,843.1153709415125,800.9596023944368,758.8038338473613,0.0,0.0
85.7,873.0929358646363,829.4382890714044,785.7836422781727,0.0,0.0
85.80000000000001,895.5598149716334,850.7818242230517,806.0038334744701,0.0,0.0
85.9,910.0834898020275,864.5793153119262,819.0751408218248,0.0,0.0
86.0,921.9707235102557,875.8721873347429,829.7736511592301,0.0,0.0
86.10000000000001,918.8049508204621,872.8647032794389,826.9244557384159,0.0,0.0
86.2,933.1825663385918,886.5234380216622,839.8643097047326,0.0,0.0
86.30000000000001,915.3210319459607,869.5549803486626,823.7889287513647,0.0,0.0
86.4,902.7694197120808,857.6309487264767,812.4924777408727,0.0,0.0
86.5,885.622978212649,841.3418293020164,797.060680391384,0.0,0.0
86.60000000000001,871.652138242076,828.0695313299722,784.4869244178684,0.0,0.0
86.7,849.9790917576203,807.4801371697392,764.9811825818582,0.0,0.0
86.80000000000001,848.0705825764436,805.6670534476214,763.2635243187992,0.0,0.0
86.9,844.47029918323,802.2467842240685,760.0232692649071,0.0,0.0
87.0,838.9160527677443,796.970250129357,755.0244474909699,0.0,0.0
87.10000000000001,846.0639063832828,803.7607110641186,761.4575157449545,0.0,0.0
87.2,846.0765335354296,803.772706858658,761.4688801818867,0.0,0.0
87.30000000000001,842.4385593059512,800.3166313406537,758.1947033753561,0.0,0.0
87.4,840.1844505375284,798.175228010652,756.1660054837756,0.0,0.0
87.5,827.5613904562649,786.1833209334517,744.8052514106384,0.0,0.0
87.60000000000001,814.296621735829,773.5817906490375,732.8669595622462,0.0,0.0
87.7,797.8486508777737,757.956218333885,718.0637857899964,0.0,0.0
87.80000000000001,773.7363450202446,735.0495277692323,696.3627105182202,0.0,0.0
87.9,747.3366941089796,709.9698594035306,672.6030246980816,0.0,0.0
88.0,730.7531865138803,694.2155271881863,657.6778678624923,0.0,0.0
88.10000000000001,695.8526816103056,661.0600475297903,626.2674134492751,0.0,0.0
88.2,694.6230090048161,659.8918585545753,625.1607081043345,0.0,0.0
88.30000000000001,679.3307928284434,645.3642531870212,611.397713545599,0.0,0.0
88.4,694.0443581902391,659.3421402807271,624.6399223712152,0.0,0.0
88.5,696.4079734027151,661.5875747325794,626.7671760624436,0.0,0.0
88.60000000000001,708.4464937217847,673.0241690356954,637.6018443496063,0.0,0.0
88.7,721.1193539736713,685.0633862749877,649.0074185763042,0.0,0.0
88.80000000000001,728.6308512294671,692.1993086679937,655.7677661065204,0.0,0.0
88.9,733.9088581442901,697.2134152370755,660.5179723298611,0.0,0.0
89.0,741.3443006184667,704.2770855875433,667.2098705566201,0.0,0.0
89.10000000000001,729.6144761341792,693.1337523274702,656.6530285207613,0.0,0.0
89.2,729.0647542386081,692.6115165266776,656.1582788147473,0.0,0.0
89.30000000000001,716.7361113579499,680.8993057900524,645.0625002221549,0.0,0.0
89.4,711.7178452989476,676.1319530340002,640.5460607690529,0.0,0.0
89.5,709.9879544514213,674.4885567288502,638.9891590062791,0.0,0.0
89.60000000000001,726.6787128381267,690.3447771962203,654.010841554314,0.0,0.0
89.7,742.1304992348606,705.0239742731176,667.9174493113745,0.0,0.0
89.80000000000001,748.5134733128281,711.0877996471867,673.6621259815453,0.0,0.0
89.9,774.2852314606657,735.5709698876324,696.8567083145991,0.0,0.0
90.0,795.0670468437725,755.3136945015838,715.5603421593952,0.0,0.0
90.10000000000001,822.4334302573651,781.3117587444968,740.1900872316286,0.0,0.0
90.2,837.488874750163,795.6144310126548,753.7399872751466,0.0,0.0
90.30000000000001,862.5861523738453,819.4568447551529,776.3275371364607,0.0,0.0
90.4,868.6319985277765,825.2003986013876,781.768798674999,0.0,0.0
90.5,884.4637575945585,840.2405697148305,796.0173818351027,0.0,0.0
90.60000000000001,884.3415390081235,840.1244620577173,795.9073851073111,0.0,0.0
90.7,873.7376202541249,830.0507392414186,786.3638582287124,0.0,0.0
90.80000000000001,870.4729190121908,826.9492730615813,783.4256271109717,0.0,0.0
90.9,862.7471134651804,819.6097577919213,776.4724021186623,0.0,0.0
91.0,859.9485027121814,816.9510775765723,773.9536524409633,0.0,0.0
91.10000000000001,870.9907455514035,827.4412082738332,783.8916709962632,0.0,0.0
91.2,872.3406138604563,828.7235831674335,785.1065524744107,0.0,0.0
91.30000000000001,877.6335516622272,833.7518740791159,789.8701964960045,0.0,0.0
91.4,890.2207719007351,845.7097333056984,801.1986947106617,0.0,0.0
91.5,893.2389232789942,848.5769771150444,803.9150309510948,0.0,0.0
91.60000000000001,903.5165948461229,858.3407651038167,813.1649353615106,0.0,0.0
91.7,911.6951055675994,866.1103502892194,820.5255950108394,0.0,0.0
91.80000000000001,910.7105115435663,865.174985966388,819.6394603892097,0.0,0.0
91.9,901.4368070225786,856.3649666714496,811.2931263203208,0.0,0.0
92.0,874.5722426247395,830.8436304935025,787.1150183622656,0.0,0.0
92.10000000000001,853.8438436897432,811.1516515052559,768.4594593207688,0.0,0.0
92.2,828.2442308677283,786.8320193243419,745.4198077809555,0.0,0.0
92.30000000000001,799.885073206818,759.890819546477,719.8965658861362,0.0,0.0
92.4,781.9049744522259,742.8097257296146,703.7144770070033,0.0,0.0
92.5,773.2488858743337,734.586441580617,695.9239972869003,0.0,0.0
92.60000000000001,756.2893128055716,718.474847165293,680.6603815250145,0.0,0.0
92.7,757.1620308112614,719.3039292706983,681.4458277301353,0.0,0.0
92.80000000000001,764.289593294343,726.0751136296259,687.8606339649087,0.0,0.0
92.9,759.2055031546043,721.2452279968741,683.2849528391439,0.0,0.0
93.0,748.9046241057821,711.459392900493,674.0141616952039,0.0,0.0
93.10000000000001,749.4940771658929,712.0193733075982,674.5446694493037,0.0,0.0
93.2,750.3732015945619,712.8545415148338,675.3358814351058,0.0,0.0
93.30000000000001,739.9941628297192,702.9944546882333,665.9947465467474,0.0,0.0
93.4,731.1362088912716,694.579398446708,658.0225880021445,0.0,0.0
93.5,713.9541693518922,678.2564608842976,642.558752416703,0.0,0.0
93.60000000000001,705.2202242971013,669.9592130822462,634.6982018673912,0.0,0.0
93.7,680.7970805640908,646.7572265358863,612.7173725076817,0.0,0.0
93.80000000000001,670.5153668328591,636.989598491216,603.4638301495731,0.0,0.0
93.9,669.5697218849642,636.0912357907159,602.6127496964679,0.0,0.0
94.0,684.396499488194,650.1766745137843,615.9568495393746,0.0,0.0
94.10000000000001,692.3769728223721,657.7581241812534,623.1392755401349,0.0,0.0
94.2,702.957250843098,667.809388300943,632.6615257587882,0.0,0.0
94.30000000000001,724.7259830104139,688.4896838598931,652.2533847093725,0.0,0.0
94.4,751.9841346570921,714.3849279242374,676.7857211913829,0.0,0.0
94.5,764.5552797746662,726.3275157859329,688.0997517971996,0.0,0.0
94.60000000000001,792.2060749433106,752.595771196145,712.9854674489795,0.0,0.0
94.7,793.4273985238556,753.7560285976627,714.08465867147,0.0,0.0
94.80000000000001,794.61159676151,754.8810169234345,715.150437085359,0.0,0.0
94.9,804.8893047564269,764.6448395186055,724.4003742807843,0.0,0.0
95.0,809.5506127759389,769.0730821371419,728.595551498345,0.0,0.0
95.10000000000001,797.4293037458128,757.5578385585221,717.6863733712315,0.0,0.0
95.2,801.685604272001,761.6013240584009,721.5170438448009,0.0,0.0
95.30000000000001,805.3510143173145,765.0834636014487,724.8159128855831,0.0,0.0
95.4,809.4070101695168,768.9366596610408,728.4663091525651,0.0,0.0
95.5,835.6916826352802,793.9070985035162,752.1225143717522,0.0,0.0
95.60000000000001,851.6567460445305,809.0739087423038,766.4910714400775,0.0,0.0
95.7,871.3700078931853,827.801507498526,784.2330071038667,0.0,0.0
95.80000000000001,887.8092670982447,843.4188037433324,799.0283403884202,0.0,0.0
95.9,901.5764885313827,856.4976641048135,811.4188396782445,0.0,0.0
96.0,931.2320125004672,884.6704118754438,838.1088112504206,0.0,0.0
96.10000000000001,922.6664441984148,876.5331219884939,830.3997997785733,0.0,0.0
96.2,931.2365734917777,884.6747448171888,838.1129161425999,0.0,0.0
96.30000000000001,917.7000656477601,871.815062365372,825.9300590829841,0.0,0.0
96.4,895.9093219172437,851.1138558213814,806.3183897255193,0.0,0.0
96.5,885.1503449567169,840.8928277088811,796.6353104610453,0.0,0.0
96.60000000000001,873.6418541205103,829.9597614144848,786.2776687084593,0.0,0.0
96.7,858.3084191279808,815.3929981715817,772.4775772151827,0.0,0.0
96.80000000000001,857.7294354453486,814.8429636730812,771.9564919008137,0.0,0.0
96.9,837.574654596481,795.6959218666569,753.8171891368329,0.0,0.0
97.0,836.5695063453097,794.7410310280442,752.9125557107787,0.0,0.0
97.10000000000001,839.4620732785754,797.4889696146466,755.5158659507179,0.0,0.0
97.2,837.0788155964394,795.2248748166174,753.3709340367955,0.0,0.0
97.30000000000001,835.9127958642431,794.1171560710309,752.3215162778188,0.0,0.0
97.4,826.6514352818506,785.318863517758,743.9862917536656,0.0,0.0
97.5,831.0805208569558,789.526494814108,747.9724687712602,0.0,0.0
97.60000000000001,816.2794673624971,775.4654939943722,734.6515206262475,0.0,0.0
97.7,793.3707048259218,753.7021695846257,714.0336343433297,0.0,0.0
97.80000000000001,779.2101595613145,740.2496515832488,701.2891436051831,0.0,0.0
97.9,743.6079396123665,706.4275426317481,669.2471456511299,0.0,0.0
98.0,729.083812148034,692.6296215406322,656.1754309332306,0.0,0.0
98.10000000000001,704.8299329700119,669.5884363215113,634.3469396730108,0.0,0.0
98.2,696.0560385936565,661.2532366639737,626.4504347342909,0.0,0.0
98.30000000000001,685.2893848309166,651.0249155893707,616.7604463478249,0.0,0.0
98.4,697.9982146955933,663.0983039608136,628.198393226034,0.0,0.0
98.5,699.497084621507,664.5222303904317,629.5473761593563,0.0,0.0
98.60000000000001,704.2586973108547,669.0457624453119,633.8328275797693,0.0,0.0
98.7,713.2751396584406,677.6113826755185,641.9476256925966,0.0,0.0
98.80000000000001,723.0277223036736,686.8763361884899,650.7249500733062,0.0,0.0
98.9,724.7812109347593,688.5421503880214,652.3030898412834,0.0,0.0
99.0,735.1749263564778,698.4161800386539,661.6574337208301,0.0,0.0
99.10000000000001,737.5447795360276,700.6675405592262,663.7903015824248,0.0,0.0
99.2,731.7543821263994,695.1666630200793,658.5789439137594,0.0,0.0
99.30000000000001,717.1720162323016,681.3134154206865,645.4548146090715,0.0,0.0
99.4,723.1986586673189,687.0387257339529,650.878792800587,0.0,0.0
99.5,717.5395494716369,681.662571998055,645.7855945244731,0.0,0.0
99.60000000000001,721.4571607027776,685.3843026676387,649.3114446324998,0.0,0.0
99.7,728.3646822278203,691.9464481164292,655.5282140050382,0.0,0.0
99.80000000000001,747.2231840372691,709.8620248354056,672.5008656335422,0.0,0.0
99.9,766.5092687130666,728.1838052774133,689.85834184176,0.0,0.0
